file,scope,property,value,dependencies
"src/styles/base.css","@layer andm.base / *,
  *::before,
  *::after","box-sizing","border-box",""
"src/styles/base.css","@layer andm.base / html","-webkit-text-size-adjust","100%",""
"src/styles/base.css","@layer andm.base / body","margin","0",""
"src/styles/base.css","@layer andm.base / body","font-family","var(--andm-type-body-font)","--andm-type-body-font"
"src/styles/base.css","@layer andm.base / body","font-size","var(--andm-type-body-size)","--andm-type-body-size"
"src/styles/base.css","@layer andm.base / body","line-height","var(--andm-type-body-line-height)","--andm-type-body-line-height"
"src/styles/base.css","@layer andm.base / body","color","var(--andm-color-on-surface)","--andm-color-on-surface"
"src/styles/base.css","@layer andm.base / body","background","var(--andm-color-surface)","--andm-color-surface"
"src/styles/base.css","@layer andm.base / button","font","inherit",""
"src/styles/base.css","@layer andm.base / @media (prefers-reduced-motion: reduce) / *,
    *::before,
    *::after","animation-duration","0.01ms !important",""
"src/styles/base.css","@layer andm.base / @media (prefers-reduced-motion: reduce) / *,
    *::before,
    *::after","animation-iteration-count","1 !important",""
"src/styles/base.css","@layer andm.base / @media (prefers-reduced-motion: reduce) / *,
    *::before,
    *::after","scroll-behavior","auto !important",""
"src/styles/containers/accordion.css","@layer andm.components / .andm-accordion","margin","0",""
"src/styles/containers/accordion.css","@layer andm.components / .andm-accordion","border-top","1px solid var(--andm-color-outline-variant)","--andm-color-outline-variant"
"src/styles/containers/accordion.css","@layer andm.components / .andm-accordion","font-family","var(--andm-font-family)","--andm-font-family"
"src/styles/containers/accordion.css","@layer andm.components / .andm-accordion","font-size","var(--andm-font-size-md)","--andm-font-size-md"
"src/styles/containers/accordion.css","@layer andm.components / .andm-accordion","line-height","var(--andm-line-height-tight)","--andm-line-height-tight"
"src/styles/containers/accordion.css","@layer andm.components / .andm-accordion","color","var(--andm-color-on-surface)","--andm-color-on-surface"
"src/styles/containers/accordion.css","@layer andm.components / .andm-accordion__item","border-bottom","1px solid var(--andm-color-outline-variant)","--andm-color-outline-variant"
"src/styles/containers/accordion.css","@layer andm.components / .andm-accordion__item","interpolate-size","allow-keywords",""
"src/styles/containers/accordion.css","@layer andm.components / .andm-accordion__item::details-content","height","0",""
"src/styles/containers/accordion.css","@layer andm.components / .andm-accordion__item::details-content","overflow","clip",""
"src/styles/containers/accordion.css","@layer andm.components / .andm-accordion__item::details-content","transition","height var(--andm-motion-duration-short4) var(--andm-motion-easing-standard),
      content-visibility var(--andm-motion-duration-short4)
        var(--andm-motion-easing-standard) allow-discrete","--andm-motion-duration-short4 --andm-motion-easing-standard"
"src/styles/containers/accordion.css","@layer andm.components / .andm-accordion__item[open]::details-content","height","auto",""
"src/styles/containers/accordion.css","@layer andm.components / .andm-accordion__summary","display","flex",""
"src/styles/containers/accordion.css","@layer andm.components / .andm-accordion__summary","align-items","center",""
"src/styles/containers/accordion.css","@layer andm.components / .andm-accordion__summary","justify-content","space-between",""
"src/styles/containers/accordion.css","@layer andm.components / .andm-accordion__summary","gap","var(--andm-space-4)","--andm-space-4"
"src/styles/containers/accordion.css","@layer andm.components / .andm-accordion__summary","min-height","var(--andm-btn-height-md)","--andm-btn-height-md"
"src/styles/containers/accordion.css","@layer andm.components / .andm-accordion__summary","padding","0 var(--andm-space-4)","--andm-space-4"
"src/styles/containers/accordion.css","@layer andm.components / .andm-accordion__summary","font-weight","var(--andm-font-weight-medium)","--andm-font-weight-medium"
"src/styles/containers/accordion.css","@layer andm.components / .andm-accordion__summary","cursor","pointer",""
"src/styles/containers/accordion.css","@layer andm.components / .andm-accordion__summary","list-style","none",""
"src/styles/containers/accordion.css","@layer andm.components / .andm-accordion__summary","transition","background-color var(--andm-motion-duration-short2)
        var(--andm-motion-easing-decelerate),
      color var(--andm-motion-duration-short3) var(--andm-motion-easing-standard)","--andm-motion-duration-short2 --andm-motion-easing-decelerate --andm-motion-duration-short3 --andm-motion-easing-standard"
"src/styles/containers/accordion.css","@layer andm.components / .andm-accordion__summary::-webkit-details-marker","display","none",""
"src/styles/containers/accordion.css","@layer andm.components / .andm-accordion__summary::marker","content","""""",""
"src/styles/containers/accordion.css","@layer andm.components / .andm-accordion__summary::after","content","""""",""
"src/styles/containers/accordion.css","@layer andm.components / .andm-accordion__summary::after","flex","none",""
"src/styles/containers/accordion.css","@layer andm.components / .andm-accordion__summary::after","width","var(--andm-space-2)","--andm-space-2"
"src/styles/containers/accordion.css","@layer andm.components / .andm-accordion__summary::after","height","var(--andm-space-2)","--andm-space-2"
"src/styles/containers/accordion.css","@layer andm.components / .andm-accordion__summary::after","margin-inline-end","var(--andm-space-1)","--andm-space-1"
"src/styles/containers/accordion.css","@layer andm.components / .andm-accordion__summary::after","border-right","var(--andm-focus-ring-width) solid currentColor","--andm-focus-ring-width"
"src/styles/containers/accordion.css","@layer andm.components / .andm-accordion__summary::after","border-bottom","var(--andm-focus-ring-width) solid currentColor","--andm-focus-ring-width"
"src/styles/containers/accordion.css","@layer andm.components / .andm-accordion__summary::after","transform","translateY(calc(var(--andm-space-05) * -1)) rotate(45deg)","--andm-space-05"
"src/styles/containers/accordion.css","@layer andm.components / .andm-accordion__summary::after","transition","transform var(--andm-motion-duration-short4)
      var(--andm-motion-easing-standard)","--andm-motion-duration-short4 --andm-motion-easing-standard"
"src/styles/containers/accordion.css","@layer andm.components / .andm-accordion__item[open] > .andm-accordion__summary::after","transform","translateY(var(--andm-space-05)) rotate(225deg)","--andm-space-05"
"src/styles/containers/accordion.css","@layer andm.components / .andm-accordion__summary:hover","background","rgb(
      var(--andm-color-primary-rgb) / var(--andm-state-hover-opacity)
    )","--andm-color-primary-rgb --andm-state-hover-opacity"
"src/styles/containers/accordion.css","@layer andm.components / .andm-accordion__summary:active","background","rgb(
      var(--andm-color-primary-rgb) / var(--andm-state-pressed-opacity)
    )","--andm-color-primary-rgb --andm-state-pressed-opacity"
"src/styles/containers/accordion.css","@layer andm.components / .andm-accordion__summary:active","transition-duration","var(--andm-motion-duration-short1)","--andm-motion-duration-short1"
"src/styles/containers/accordion.css","@layer andm.components / .andm-accordion__summary:active","transition-timing-function","var(--andm-motion-easing-accelerate)","--andm-motion-easing-accelerate"
"src/styles/containers/accordion.css","@layer andm.components / .andm-accordion__summary:focus","outline","none",""
"src/styles/containers/accordion.css","@layer andm.components / .andm-accordion__summary:focus-visible","outline","var(--andm-focus-ring-width) var(--andm-focus-ring-style)
      var(--andm-focus-ring-color)","--andm-focus-ring-width --andm-focus-ring-style --andm-focus-ring-color"
"src/styles/containers/accordion.css","@layer andm.components / .andm-accordion__summary:focus-visible","outline-offset","calc(var(--andm-focus-ring-offset) * -1)","--andm-focus-ring-offset"
"src/styles/containers/accordion.css","@layer andm.components / .andm-accordion__panel","padding","var(--andm-space-2) var(--andm-space-4) var(--andm-space-6)","--andm-space-2 --andm-space-4 --andm-space-6"
"src/styles/containers/accordion.css","@layer andm.components / .andm-accordion__panel","color","var(--andm-color-on-surface-variant)","--andm-color-on-surface-variant"
"src/styles/containers/accordion.css","@layer andm.components / .andm-accordion__panel > :first-child","margin-top","0",""
"src/styles/containers/accordion.css","@layer andm.components / .andm-accordion__panel > :last-child","margin-bottom","0",""
"src/styles/containers/accordion.css","@layer andm.components / @media (prefers-reduced-motion: reduce) / .andm-accordion__summary,
    .andm-accordion__summary::after,
    .andm-accordion__item::details-content","transition","none",""
"src/styles/containers/card.css","@layer andm.components / .andm-card","display","block",""
"src/styles/containers/card.css","@layer andm.components / .andm-card","box-sizing","border-box",""
"src/styles/containers/card.css","@layer andm.components / .andm-card","margin","0",""
"src/styles/containers/card.css","@layer andm.components / .andm-card","min-width","0",""
"src/styles/containers/card.css","@layer andm.components / .andm-card","overflow-wrap","anywhere",""
"src/styles/containers/card.css","@layer andm.components / .andm-card","padding","var(--andm-card-padding, var(--andm-space-4))","--andm-card-padding --andm-space-4"
"src/styles/containers/card.css","@layer andm.components / .andm-card","border","var(--andm-card-border-width, 1px) solid
      var(
        --andm-card-border-color,
        color-mix(in srgb, var(--andm-color-on-surface) 24%, transparent)
      )","--andm-card-border-width --andm-card-border-color --andm-color-on-surface"
"src/styles/containers/card.css","@layer andm.components / .andm-card","border-radius","var(--andm-card-radius, var(--andm-surface-radius, var(--andm-radius-md)))","--andm-card-radius --andm-surface-radius --andm-radius-md"
"src/styles/containers/card.css","@layer andm.components / .andm-card","background","var(--andm-color-surface)","--andm-color-surface"
"src/styles/containers/card.css","@layer andm.components / .andm-card","color","var(--andm-color-on-surface)","--andm-color-on-surface"
"src/styles/containers/card.css","@layer andm.components / .andm-card","box-shadow","none",""
"src/styles/containers/card.css","@layer andm.components / .andm-card","font-family","var(--andm-font-family)","--andm-font-family"
"src/styles/containers/card.css","@layer andm.components / .andm-card--raised","border-color","transparent",""
"src/styles/containers/card.css","@layer andm.components / .andm-card--raised","box-shadow","var(--andm-shadow-1)","--andm-shadow-1"
"src/styles/containers/card.css","@layer andm.components / .andm-card__title","margin","0 0 var(--andm-space-2)","--andm-space-2"
"src/styles/containers/card.css","@layer andm.components / .andm-card__title","font-size","var(--andm-font-size-md)","--andm-font-size-md"
"src/styles/containers/card.css","@layer andm.components / .andm-card__title","font-weight","var(--andm-font-weight-medium)","--andm-font-weight-medium"
"src/styles/containers/card.css","@layer andm.components / .andm-card__title","line-height","var(--andm-line-height-tight)","--andm-line-height-tight"
"src/styles/containers/card.css","@layer andm.components / .andm-card__body","margin","0",""
"src/styles/containers/card.css","@layer andm.components / .andm-card__body","font-size","var(--andm-font-size-md)","--andm-font-size-md"
"src/styles/containers/card.css","@layer andm.components / .andm-card__body","line-height","var(--andm-line-height-tight)","--andm-line-height-tight"
"src/styles/containers/card.css","@layer andm.components / .andm-card__body","color","var(--andm-color-on-surface-variant)","--andm-color-on-surface-variant"
"src/styles/containers/card.css","@layer andm.components / .andm-card__actions","display","flex",""
"src/styles/containers/card.css","@layer andm.components / .andm-card__actions","flex-wrap","wrap",""
"src/styles/containers/card.css","@layer andm.components / .andm-card__actions","gap","var(--andm-space-2)","--andm-space-2"
"src/styles/containers/card.css","@layer andm.components / .andm-card__actions","margin-top","var(--andm-space-4)","--andm-space-4"
"src/styles/containers/list.css","@layer andm.components / .andm-list","margin","0",""
"src/styles/containers/list.css","@layer andm.components / .andm-list","padding","0",""
"src/styles/containers/list.css","@layer andm.components / .andm-list","list-style","none",""
"src/styles/containers/list.css","@layer andm.components / .andm-list","font-family","var(--andm-font-family)","--andm-font-family"
"src/styles/containers/list.css","@layer andm.components / .andm-list","font-size","var(--andm-font-size-md)","--andm-font-size-md"
"src/styles/containers/list.css","@layer andm.components / .andm-list","line-height","var(--andm-line-height-tight)","--andm-line-height-tight"
"src/styles/containers/list.css","@layer andm.components / .andm-list","color","var(--andm-color-on-surface)","--andm-color-on-surface"
"src/styles/containers/list.css","@layer andm.components / .andm-list__item","display","flex",""
"src/styles/containers/list.css","@layer andm.components / .andm-list__item","align-items","center",""
"src/styles/containers/list.css","@layer andm.components / .andm-list__item","gap","var(--andm-space-3)","--andm-space-3"
"src/styles/containers/list.css","@layer andm.components / .andm-list__item","min-height","var(--andm-btn-height-md)","--andm-btn-height-md"
"src/styles/containers/list.css","@layer andm.components / .andm-list__item","padding","var(--andm-space-2) var(--andm-space-4)","--andm-space-2 --andm-space-4"
"src/styles/containers/list.css","@layer andm.components / .andm-list__item","border-bottom","1px solid var(--andm-color-outline-variant)","--andm-color-outline-variant"
"src/styles/containers/list.css","@layer andm.components / .andm-list__item","transition","background-color var(--andm-motion-duration-short2)
      var(--andm-motion-easing-decelerate)","--andm-motion-duration-short2 --andm-motion-easing-decelerate"
"src/styles/containers/list.css","@layer andm.components / .andm-list__item:hover","background","rgb(
      var(--andm-color-primary-rgb) / var(--andm-state-hover-opacity)
    )","--andm-color-primary-rgb --andm-state-hover-opacity"
"src/styles/containers/list.css","@layer andm.components / .andm-list__item:active","background","rgb(
      var(--andm-color-primary-rgb) / var(--andm-state-pressed-opacity)
    )","--andm-color-primary-rgb --andm-state-pressed-opacity"
"src/styles/containers/list.css","@layer andm.components / .andm-list__item:active","transition-duration","var(--andm-motion-duration-short1)","--andm-motion-duration-short1"
"src/styles/containers/list.css","@layer andm.components / .andm-list__item:active","transition-timing-function","var(--andm-motion-easing-accelerate)","--andm-motion-easing-accelerate"
"src/styles/containers/list.css","@layer andm.components / .andm-list__title","font-weight","var(--andm-font-weight-medium)","--andm-font-weight-medium"
"src/styles/containers/list.css","@layer andm.components / .andm-list__meta","margin-inline-start","auto",""
"src/styles/containers/list.css","@layer andm.components / .andm-list__meta","color","var(--andm-color-on-surface-variant)","--andm-color-on-surface-variant"
"src/styles/containers/list.css","@layer andm.components / .andm-list__meta","font-size","var(--andm-font-size-sm)","--andm-font-size-sm"
"src/styles/containers/surface.css","@layer andm.components / .andm-surface","display","block",""
"src/styles/containers/surface.css","@layer andm.components / .andm-surface","box-sizing","border-box",""
"src/styles/containers/surface.css","@layer andm.components / .andm-surface","margin","0",""
"src/styles/containers/surface.css","@layer andm.components / .andm-surface","padding","var(--andm-space-4)","--andm-space-4"
"src/styles/containers/surface.css","@layer andm.components / .andm-surface","border","1px solid var(--andm-color-outline-variant)","--andm-color-outline-variant"
"src/styles/containers/surface.css","@layer andm.components / .andm-surface","border-radius","var(--andm-surface-radius, var(--andm-btn-radius))","--andm-surface-radius --andm-btn-radius"
"src/styles/containers/surface.css","@layer andm.components / .andm-surface","background","var(--andm-color-surface)","--andm-color-surface"
"src/styles/containers/surface.css","@layer andm.components / .andm-surface","color","var(--andm-color-on-surface)","--andm-color-on-surface"
"src/styles/containers/surface.css","@layer andm.components / .andm-surface","box-shadow","none",""
"src/styles/containers/surface.css","@layer andm.components / .andm-surface","font-family","var(--andm-font-family)","--andm-font-family"
"src/styles/containers/surface.css","@layer andm.components / .andm-surface--raised","border-color","transparent",""
"src/styles/containers/surface.css","@layer andm.components / .andm-surface--raised","box-shadow","var(--andm-shadow-1)","--andm-shadow-1"
"src/styles/containers/surface.css","@layer andm.components / .andm-surface--elevated","border-color","transparent",""
"src/styles/containers/surface.css","@layer andm.components / .andm-surface--elevated","box-shadow","var(--andm-shadow-2)","--andm-shadow-2"
"src/styles/containers/surface.css","@layer andm.components / .andm-surface--flush","border-color","transparent",""
"src/styles/containers/surface.css","@layer andm.components / .andm-surface--flush","padding","0",""
"src/styles/containers/surface.css","@layer andm.components / .andm-surface__title","margin","0 0 var(--andm-space-2)","--andm-space-2"
"src/styles/containers/surface.css","@layer andm.components / .andm-surface__title","font-size","var(--andm-font-size-md)","--andm-font-size-md"
"src/styles/containers/surface.css","@layer andm.components / .andm-surface__title","font-weight","var(--andm-font-weight-medium)","--andm-font-weight-medium"
"src/styles/containers/surface.css","@layer andm.components / .andm-surface__title","line-height","var(--andm-line-height-tight)","--andm-line-height-tight"
"src/styles/containers/surface.css","@layer andm.components / .andm-surface__body","margin","0",""
"src/styles/containers/surface.css","@layer andm.components / .andm-surface__body","font-size","var(--andm-font-size-md)","--andm-font-size-md"
"src/styles/containers/surface.css","@layer andm.components / .andm-surface__body","line-height","1.5",""
"src/styles/containers/surface.css","@layer andm.components / .andm-surface__body","color","var(--andm-color-on-surface-variant)","--andm-color-on-surface-variant"
"src/styles/controls/button-tokens.css","@layer andm.tokens / :root","--andm-btn-height-sm","32px",""
"src/styles/controls/button-tokens.css","@layer andm.tokens / :root","--andm-btn-height-md","40px",""
"src/styles/controls/button-tokens.css","@layer andm.tokens / :root","--andm-btn-height-lg","48px",""
"src/styles/controls/button-tokens.css","@layer andm.tokens / :root","--andm-btn-padding-x-sm","12px",""
"src/styles/controls/button-tokens.css","@layer andm.tokens / :root","--andm-btn-padding-x-md","20px",""
"src/styles/controls/button-tokens.css","@layer andm.tokens / :root","--andm-btn-padding-x-lg","28px",""
"src/styles/controls/button-tokens.css","@layer andm.tokens / :root","--andm-btn-radius","var(--andm-radius-md)","--andm-radius-md"
"src/styles/controls/button-tokens.css","@layer andm.tokens / :root","--andm-btn-radius-pressed","var(--andm-btn-radius)","--andm-btn-radius"
"src/styles/controls/button-tokens.css","@layer andm.tokens / :root","--andm-btn-press-scale","0.96",""
"src/styles/controls/button-tokens.css","@layer andm.tokens / :root","--andm-btn-tracking","0.15px",""
"src/styles/controls/button-tokens.css","@layer andm.tokens / :root","--andm-btn-icon-size-sm","16px",""
"src/styles/controls/button-tokens.css","@layer andm.tokens / :root","--andm-btn-icon-size-md","18px",""
"src/styles/controls/button-tokens.css","@layer andm.tokens / :root","--andm-btn-icon-size-lg","20px",""
"src/styles/controls/button-tokens.css","@layer andm.tokens / :root","--andm-btn-radius-asymmetric","20px 8px 20px 8px",""
"src/styles/controls/button.css","@layer andm.components / .andm-btn","appearance","none",""
"src/styles/controls/button.css","@layer andm.components / .andm-btn","border","none",""
"src/styles/controls/button.css","@layer andm.components / .andm-btn","margin","0",""
"src/styles/controls/button.css","@layer andm.components / .andm-btn","background","transparent",""
"src/styles/controls/button.css","@layer andm.components / .andm-btn","color","inherit",""
"src/styles/controls/button.css","@layer andm.components / .andm-btn","cursor","pointer",""
"src/styles/controls/button.css","@layer andm.components / .andm-btn","display","inline-flex",""
"src/styles/controls/button.css","@layer andm.components / .andm-btn","align-items","center",""
"src/styles/controls/button.css","@layer andm.components / .andm-btn","justify-content","center",""
"src/styles/controls/button.css","@layer andm.components / .andm-btn","gap","var(--andm-space-2)","--andm-space-2"
"src/styles/controls/button.css","@layer andm.components / .andm-btn","position","relative",""
"src/styles/controls/button.css","@layer andm.components / .andm-btn","isolation","isolate",""
"src/styles/controls/button.css","@layer andm.components / .andm-btn","height","var(--andm-btn-height-md)","--andm-btn-height-md"
"src/styles/controls/button.css","@layer andm.components / .andm-btn","padding","0 var(--andm-btn-padding-x-md)","--andm-btn-padding-x-md"
"src/styles/controls/button.css","@layer andm.components / .andm-btn","font-family","var(--andm-font-family)","--andm-font-family"
"src/styles/controls/button.css","@layer andm.components / .andm-btn","font-size","var(--andm-font-size-md)","--andm-font-size-md"
"src/styles/controls/button.css","@layer andm.components / .andm-btn","font-weight","var(--andm-font-weight-medium)","--andm-font-weight-medium"
"src/styles/controls/button.css","@layer andm.components / .andm-btn","line-height","var(--andm-line-height-tight)","--andm-line-height-tight"
"src/styles/controls/button.css","@layer andm.components / .andm-btn","letter-spacing","var(--andm-btn-tracking)","--andm-btn-tracking"
"src/styles/controls/button.css","@layer andm.components / .andm-btn","text-decoration","none",""
"src/styles/controls/button.css","@layer andm.components / .andm-btn","white-space","nowrap",""
"src/styles/controls/button.css","@layer andm.components / .andm-btn","user-select","none",""
"src/styles/controls/button.css","@layer andm.components / .andm-btn","vertical-align","middle",""
"src/styles/controls/button.css","@layer andm.components / .andm-btn","border-radius","var(--andm-btn-radius-rest, var(--andm-btn-radius))","--andm-btn-radius-rest --andm-btn-radius"
"src/styles/controls/button.css","@layer andm.components / .andm-btn","transition","background-color var(--andm-motion-duration-short2)
        var(--andm-motion-easing-decelerate),
      color var(--andm-motion-duration-short2)
        var(--andm-motion-easing-decelerate),
      border-color var(--andm-motion-duration-short2)
        var(--andm-motion-easing-decelerate),
      box-shadow var(--andm-motion-duration-short2)
        var(--andm-motion-easing-decelerate)","--andm-motion-duration-short2 --andm-motion-easing-decelerate"
"src/styles/controls/button.css","@layer andm.components / .andm-btn:active:not(:disabled):not([disabled])","transform","scale(var(--andm-btn-press-scale))","--andm-btn-press-scale"
"src/styles/controls/button.css","@layer andm.components / .andm-btn:active:not(:disabled):not([disabled])","border-radius","var(--andm-btn-radius-pressed)","--andm-btn-radius-pressed"
"src/styles/controls/button.css","@layer andm.components / .andm-btn:active:not(:disabled):not([disabled])","transition","background-color var(--andm-motion-duration-short1)
        var(--andm-motion-easing-accelerate),
      color var(--andm-motion-duration-short1)
        var(--andm-motion-easing-accelerate),
      border-color var(--andm-motion-duration-short1)
        var(--andm-motion-easing-accelerate),
      box-shadow var(--andm-motion-duration-short1)
        var(--andm-motion-easing-accelerate),
      transform var(--andm-motion-duration-short1)
        var(--andm-motion-easing-accelerate)","--andm-motion-duration-short1 --andm-motion-easing-accelerate"
"src/styles/controls/button.css","@layer andm.components / .andm-btn:focus","outline","none",""
"src/styles/controls/button.css","@layer andm.components / .andm-btn:focus-visible","outline","var(--andm-focus-ring-width) var(--andm-focus-ring-style) var(--andm-focus-ring-color)","--andm-focus-ring-width --andm-focus-ring-style --andm-focus-ring-color"
"src/styles/controls/button.css","@layer andm.components / .andm-btn:focus-visible","outline-offset","var(--andm-focus-ring-offset)","--andm-focus-ring-offset"
"src/styles/controls/button.css","@layer andm.components / .andm-btn:disabled,
  .andm-btn[disabled]","cursor","not-allowed",""
"src/styles/controls/button.css","@layer andm.components / .andm-btn:disabled,
  .andm-btn[disabled]","box-shadow","none",""
"src/styles/controls/button.css","@layer andm.components / .andm-btn:disabled,
  .andm-btn[disabled]","pointer-events","none",""
"src/styles/controls/button.css","@layer andm.components / .andm-btn__icon","display","inline-flex",""
"src/styles/controls/button.css","@layer andm.components / .andm-btn__icon","flex-shrink","0",""
"src/styles/controls/button.css","@layer andm.components / .andm-btn__icon","align-items","center",""
"src/styles/controls/button.css","@layer andm.components / .andm-btn__icon","justify-content","center",""
"src/styles/controls/button.css","@layer andm.components / .andm-btn__icon","width","var(--andm-btn-icon-size-md)","--andm-btn-icon-size-md"
"src/styles/controls/button.css","@layer andm.components / .andm-btn__icon","height","var(--andm-btn-icon-size-md)","--andm-btn-icon-size-md"
"src/styles/controls/button.css","@layer andm.components / .andm-btn__icon","fill","currentColor",""
"src/styles/controls/button.css","@layer andm.components / .andm-btn__icon svg","width","100%",""
"src/styles/controls/button.css","@layer andm.components / .andm-btn__icon svg","height","100%",""
"src/styles/controls/button.css","@layer andm.components / .andm-btn__icon svg","fill","currentColor",""
"src/styles/controls/button.css","@layer andm.components / .andm-btn__icon path","fill","currentColor",""
"src/styles/controls/button.css","@layer andm.components / .andm-btn--sm","height","var(--andm-btn-height-sm)","--andm-btn-height-sm"
"src/styles/controls/button.css","@layer andm.components / .andm-btn--sm","padding","0 var(--andm-btn-padding-x-sm)","--andm-btn-padding-x-sm"
"src/styles/controls/button.css","@layer andm.components / .andm-btn--sm","font-size","var(--andm-font-size-sm)","--andm-font-size-sm"
"src/styles/controls/button.css","@layer andm.components / .andm-btn--sm .andm-btn__icon","width","var(--andm-btn-icon-size-sm)","--andm-btn-icon-size-sm"
"src/styles/controls/button.css","@layer andm.components / .andm-btn--sm .andm-btn__icon","height","var(--andm-btn-icon-size-sm)","--andm-btn-icon-size-sm"
"src/styles/controls/button.css","@layer andm.components / .andm-btn--md","height","var(--andm-btn-height-md)","--andm-btn-height-md"
"src/styles/controls/button.css","@layer andm.components / .andm-btn--md","padding","0 var(--andm-btn-padding-x-md)","--andm-btn-padding-x-md"
"src/styles/controls/button.css","@layer andm.components / .andm-btn--md","font-size","var(--andm-font-size-md)","--andm-font-size-md"
"src/styles/controls/button.css","@layer andm.components / .andm-btn--lg","height","var(--andm-btn-height-lg)","--andm-btn-height-lg"
"src/styles/controls/button.css","@layer andm.components / .andm-btn--lg","padding","0 var(--andm-btn-padding-x-lg)","--andm-btn-padding-x-lg"
"src/styles/controls/button.css","@layer andm.components / .andm-btn--lg","font-size","var(--andm-font-size-lg)","--andm-font-size-lg"
"src/styles/controls/button.css","@layer andm.components / .andm-btn--lg .andm-btn__icon","width","var(--andm-btn-icon-size-lg)","--andm-btn-icon-size-lg"
"src/styles/controls/button.css","@layer andm.components / .andm-btn--lg .andm-btn__icon","height","var(--andm-btn-icon-size-lg)","--andm-btn-icon-size-lg"
"src/styles/controls/button.css","@layer andm.components / .andm-btn--filled","background","var(--andm-color-primary)","--andm-color-primary"
"src/styles/controls/button.css","@layer andm.components / .andm-btn--filled","color","var(--andm-color-on-primary)","--andm-color-on-primary"
"src/styles/controls/button.css","@layer andm.components / .andm-btn--filled:hover:not(:disabled):not([disabled])","box-shadow","var(--andm-shadow-1)","--andm-shadow-1"
"src/styles/controls/button.css","@layer andm.components / .andm-btn--filled:hover:not(:disabled):not([disabled])::before","content","""""",""
"src/styles/controls/button.css","@layer andm.components / .andm-btn--filled:hover:not(:disabled):not([disabled])::before","position","absolute",""
"src/styles/controls/button.css","@layer andm.components / .andm-btn--filled:hover:not(:disabled):not([disabled])::before","inset","0",""
"src/styles/controls/button.css","@layer andm.components / .andm-btn--filled:hover:not(:disabled):not([disabled])::before","z-index","-1",""
"src/styles/controls/button.css","@layer andm.components / .andm-btn--filled:hover:not(:disabled):not([disabled])::before","border-radius","inherit",""
"src/styles/controls/button.css","@layer andm.components / .andm-btn--filled:hover:not(:disabled):not([disabled])::before","background","var(--andm-overlay-hover-light)","--andm-overlay-hover-light"
"src/styles/controls/button.css","@layer andm.components / .andm-btn--filled:hover:not(:disabled):not([disabled])::before","pointer-events","none",""
"src/styles/controls/button.css","@layer andm.components / .andm-btn--filled:active:not(:disabled):not([disabled])","box-shadow","none",""
"src/styles/controls/button.css","@layer andm.components / .andm-btn--filled:active:not(:disabled):not([disabled])::before","content","""""",""
"src/styles/controls/button.css","@layer andm.components / .andm-btn--filled:active:not(:disabled):not([disabled])::before","position","absolute",""
"src/styles/controls/button.css","@layer andm.components / .andm-btn--filled:active:not(:disabled):not([disabled])::before","inset","0",""
"src/styles/controls/button.css","@layer andm.components / .andm-btn--filled:active:not(:disabled):not([disabled])::before","z-index","-1",""
"src/styles/controls/button.css","@layer andm.components / .andm-btn--filled:active:not(:disabled):not([disabled])::before","border-radius","inherit",""
"src/styles/controls/button.css","@layer andm.components / .andm-btn--filled:active:not(:disabled):not([disabled])::before","background","var(--andm-overlay-active-light)","--andm-overlay-active-light"
"src/styles/controls/button.css","@layer andm.components / .andm-btn--filled:active:not(:disabled):not([disabled])::before","pointer-events","none",""
"src/styles/controls/button.css","@layer andm.components / .andm-btn--filled:disabled,
  .andm-btn--filled[disabled]","background","var(--andm-color-disabled-container)","--andm-color-disabled-container"
"src/styles/controls/button.css","@layer andm.components / .andm-btn--filled:disabled,
  .andm-btn--filled[disabled]","color","var(--andm-color-on-disabled)","--andm-color-on-disabled"
"src/styles/controls/button.css","@layer andm.components / .andm-btn--elevated","background","var(--andm-color-surface)","--andm-color-surface"
"src/styles/controls/button.css","@layer andm.components / .andm-btn--elevated","color","var(--andm-color-primary)","--andm-color-primary"
"src/styles/controls/button.css","@layer andm.components / .andm-btn--elevated","box-shadow","var(--andm-shadow-1)","--andm-shadow-1"
"src/styles/controls/button.css","@layer andm.components / .andm-btn--elevated:hover:not(:disabled):not([disabled])","box-shadow","var(--andm-shadow-2)","--andm-shadow-2"
"src/styles/controls/button.css","@layer andm.components / .andm-btn--elevated:hover:not(:disabled):not([disabled])::before","content","""""",""
"src/styles/controls/button.css","@layer andm.components / .andm-btn--elevated:hover:not(:disabled):not([disabled])::before","position","absolute",""
"src/styles/controls/button.css","@layer andm.components / .andm-btn--elevated:hover:not(:disabled):not([disabled])::before","inset","0",""
"src/styles/controls/button.css","@layer andm.components / .andm-btn--elevated:hover:not(:disabled):not([disabled])::before","z-index","-1",""
"src/styles/controls/button.css","@layer andm.components / .andm-btn--elevated:hover:not(:disabled):not([disabled])::before","border-radius","inherit",""
"src/styles/controls/button.css","@layer andm.components / .andm-btn--elevated:hover:not(:disabled):not([disabled])::before","background","var(--andm-overlay-hover)","--andm-overlay-hover"
"src/styles/controls/button.css","@layer andm.components / .andm-btn--elevated:hover:not(:disabled):not([disabled])::before","pointer-events","none",""
"src/styles/controls/button.css","@layer andm.components / .andm-btn--elevated:active:not(:disabled):not([disabled])","box-shadow","var(--andm-shadow-1)","--andm-shadow-1"
"src/styles/controls/button.css","@layer andm.components / .andm-btn--elevated:active:not(:disabled):not([disabled])::before","content","""""",""
"src/styles/controls/button.css","@layer andm.components / .andm-btn--elevated:active:not(:disabled):not([disabled])::before","position","absolute",""
"src/styles/controls/button.css","@layer andm.components / .andm-btn--elevated:active:not(:disabled):not([disabled])::before","inset","0",""
"src/styles/controls/button.css","@layer andm.components / .andm-btn--elevated:active:not(:disabled):not([disabled])::before","z-index","-1",""
"src/styles/controls/button.css","@layer andm.components / .andm-btn--elevated:active:not(:disabled):not([disabled])::before","border-radius","inherit",""
"src/styles/controls/button.css","@layer andm.components / .andm-btn--elevated:active:not(:disabled):not([disabled])::before","background","var(--andm-overlay-active)","--andm-overlay-active"
"src/styles/controls/button.css","@layer andm.components / .andm-btn--elevated:active:not(:disabled):not([disabled])::before","pointer-events","none",""
"src/styles/controls/button.css","@layer andm.components / .andm-btn--elevated:disabled,
  .andm-btn--elevated[disabled]","background","var(--andm-color-disabled-container)","--andm-color-disabled-container"
"src/styles/controls/button.css","@layer andm.components / .andm-btn--elevated:disabled,
  .andm-btn--elevated[disabled]","color","var(--andm-color-on-disabled)","--andm-color-on-disabled"
"src/styles/controls/button.css","@layer andm.components / .andm-btn--elevated:disabled,
  .andm-btn--elevated[disabled]","box-shadow","none",""
"src/styles/controls/button.css","@layer andm.components / .andm-btn--tonal","background","var(--andm-color-secondary-container)","--andm-color-secondary-container"
"src/styles/controls/button.css","@layer andm.components / .andm-btn--tonal","color","var(--andm-color-on-secondary-container)","--andm-color-on-secondary-container"
"src/styles/controls/button.css","@layer andm.components / .andm-btn--tonal:hover:not(:disabled):not([disabled])::before","content","""""",""
"src/styles/controls/button.css","@layer andm.components / .andm-btn--tonal:hover:not(:disabled):not([disabled])::before","position","absolute",""
"src/styles/controls/button.css","@layer andm.components / .andm-btn--tonal:hover:not(:disabled):not([disabled])::before","inset","0",""
"src/styles/controls/button.css","@layer andm.components / .andm-btn--tonal:hover:not(:disabled):not([disabled])::before","z-index","-1",""
"src/styles/controls/button.css","@layer andm.components / .andm-btn--tonal:hover:not(:disabled):not([disabled])::before","border-radius","inherit",""
"src/styles/controls/button.css","@layer andm.components / .andm-btn--tonal:hover:not(:disabled):not([disabled])::before","background","var(--andm-overlay-hover)","--andm-overlay-hover"
"src/styles/controls/button.css","@layer andm.components / .andm-btn--tonal:hover:not(:disabled):not([disabled])::before","pointer-events","none",""
"src/styles/controls/button.css","@layer andm.components / .andm-btn--tonal:active:not(:disabled):not([disabled])::before","content","""""",""
"src/styles/controls/button.css","@layer andm.components / .andm-btn--tonal:active:not(:disabled):not([disabled])::before","position","absolute",""
"src/styles/controls/button.css","@layer andm.components / .andm-btn--tonal:active:not(:disabled):not([disabled])::before","inset","0",""
"src/styles/controls/button.css","@layer andm.components / .andm-btn--tonal:active:not(:disabled):not([disabled])::before","z-index","-1",""
"src/styles/controls/button.css","@layer andm.components / .andm-btn--tonal:active:not(:disabled):not([disabled])::before","border-radius","inherit",""
"src/styles/controls/button.css","@layer andm.components / .andm-btn--tonal:active:not(:disabled):not([disabled])::before","background","var(--andm-overlay-active)","--andm-overlay-active"
"src/styles/controls/button.css","@layer andm.components / .andm-btn--tonal:active:not(:disabled):not([disabled])::before","pointer-events","none",""
"src/styles/controls/button.css","@layer andm.components / .andm-btn--tonal:disabled,
  .andm-btn--tonal[disabled]","background","var(--andm-color-disabled-container)","--andm-color-disabled-container"
"src/styles/controls/button.css","@layer andm.components / .andm-btn--tonal:disabled,
  .andm-btn--tonal[disabled]","color","var(--andm-color-on-disabled)","--andm-color-on-disabled"
"src/styles/controls/button.css","@layer andm.components / .andm-btn--outlined","background","transparent",""
"src/styles/controls/button.css","@layer andm.components / .andm-btn--outlined","color","var(--andm-color-primary)","--andm-color-primary"
"src/styles/controls/button.css","@layer andm.components / .andm-btn--outlined","border","1px solid var(--andm-color-outline)","--andm-color-outline"
"src/styles/controls/button.css","@layer andm.components / .andm-btn--outlined:hover:not(:disabled):not([disabled])","background","rgb(
      var(--andm-color-primary-rgb) / var(--andm-state-hover-opacity)
    )","--andm-color-primary-rgb --andm-state-hover-opacity"
"src/styles/controls/button.css","@layer andm.components / .andm-btn--outlined:active:not(:disabled):not([disabled])","background","rgb(
      var(--andm-color-primary-rgb) / var(--andm-state-pressed-opacity)
    )","--andm-color-primary-rgb --andm-state-pressed-opacity"
"src/styles/controls/button.css","@layer andm.components / .andm-btn--outlined:disabled,
  .andm-btn--outlined[disabled]","color","var(--andm-color-on-disabled)","--andm-color-on-disabled"
"src/styles/controls/button.css","@layer andm.components / .andm-btn--outlined:disabled,
  .andm-btn--outlined[disabled]","border-color","var(--andm-color-disabled-outline)","--andm-color-disabled-outline"
"src/styles/controls/button.css","@layer andm.components / .andm-btn--text","background","transparent",""
"src/styles/controls/button.css","@layer andm.components / .andm-btn--text","color","var(--andm-color-primary)","--andm-color-primary"
"src/styles/controls/button.css","@layer andm.components / .andm-btn--text","padding-inline","var(--andm-space-3)","--andm-space-3"
"src/styles/controls/button.css","@layer andm.components / .andm-btn--text.andm-btn--sm","padding-inline","var(--andm-space-2)","--andm-space-2"
"src/styles/controls/button.css","@layer andm.components / .andm-btn--text.andm-btn--lg","padding-inline","var(--andm-space-4)","--andm-space-4"
"src/styles/controls/button.css","@layer andm.components / .andm-btn--text:hover:not(:disabled):not([disabled])","background","rgb(
      var(--andm-color-primary-rgb) / var(--andm-state-hover-opacity)
    )","--andm-color-primary-rgb --andm-state-hover-opacity"
"src/styles/controls/button.css","@layer andm.components / .andm-btn--text:active:not(:disabled):not([disabled])","background","rgb(
      var(--andm-color-primary-rgb) / var(--andm-state-pressed-opacity)
    )","--andm-color-primary-rgb --andm-state-pressed-opacity"
"src/styles/controls/button.css","@layer andm.components / .andm-btn--text:disabled,
  .andm-btn--text[disabled]","color","var(--andm-color-on-disabled)","--andm-color-on-disabled"
"src/styles/controls/button.css","@layer andm.components / .andm-series--expressive .andm-btn,
  .andm-series--expressive .andm-btn:active:not(:disabled):not([disabled])","transition","background-color var(--andm-motion-duration-expressive-fast-effects)
        var(--andm-motion-easing-expressive-fast-effects),
      color var(--andm-motion-duration-expressive-fast-effects)
        var(--andm-motion-easing-expressive-fast-effects),
      border-color var(--andm-motion-duration-expressive-fast-effects)
        var(--andm-motion-easing-expressive-fast-effects),
      box-shadow var(--andm-motion-duration-expressive-fast-effects)
        var(--andm-motion-easing-expressive-fast-effects),
      border-radius var(--andm-motion-duration-expressive-fast-spatial)
        var(--andm-motion-easing-expressive-fast-spatial)","--andm-motion-duration-expressive-fast-effects --andm-motion-easing-expressive-fast-effects --andm-motion-duration-expressive-fast-spatial --andm-motion-easing-expressive-fast-spatial"
"src/styles/controls/button.css","@layer andm.components / .andm-series--expressive .andm-btn--sm","--andm-btn-radius","calc(var(--andm-btn-height-sm) / 2)","--andm-btn-height-sm"
"src/styles/controls/button.css","@layer andm.components / .andm-series--expressive .andm-btn--sm","--andm-btn-radius-pressed","var(--andm-radius-sm)","--andm-radius-sm"
"src/styles/controls/button.css","@layer andm.components / .andm-series--expressive .andm-btn--text","padding-inline","var(--andm-btn-padding-x-md)","--andm-btn-padding-x-md"
"src/styles/controls/button.css","@layer andm.components / .andm-series--expressive .andm-btn--text.andm-btn--sm","padding-inline","var(--andm-btn-padding-x-sm)","--andm-btn-padding-x-sm"
"src/styles/controls/button.css","@layer andm.components / .andm-series--expressive .andm-btn--text.andm-btn--lg","padding-inline","var(--andm-btn-padding-x-lg)","--andm-btn-padding-x-lg"
"src/styles/controls/button.css","@layer andm.components / .andm-series--expressive .andm-btn--lg","--andm-btn-radius","calc(var(--andm-btn-height-lg) / 2)","--andm-btn-height-lg"
"src/styles/controls/button.css","@layer andm.components / .andm-series--expressive .andm-btn--lg","--andm-btn-radius-pressed","var(--andm-radius-lg)","--andm-radius-lg"
"src/styles/controls/button.css","@layer andm.components / .andm-series--expressive .andm-btn--shape-asymmetric","--andm-btn-radius-rest","var(--andm-btn-radius-asymmetric)","--andm-btn-radius-asymmetric"
"src/styles/controls/button.css","@layer andm.components / .andm-series--expressive .andm-btn--sm.andm-btn--shape-asymmetric","--andm-btn-radius-rest","var(--andm-radius-md)","--andm-radius-md"
"src/styles/controls/button.css","@layer andm.components / .andm-series--expressive .andm-btn--sm.andm-btn--shape-asymmetric","--andm-btn-radius-pressed","var(--andm-radius-sm)","--andm-radius-sm"
"src/styles/controls/button.css","@layer andm.components / .andm-series--expressive .andm-btn--lg.andm-btn--shape-asymmetric","--andm-btn-radius-rest","28px",""
"src/styles/controls/button.css","@layer andm.components / .andm-series--expressive .andm-btn--lg.andm-btn--shape-asymmetric","--andm-btn-radius-pressed","var(--andm-radius-lg)","--andm-radius-lg"
"src/styles/controls/button.css","@layer andm.components / .andm-series--dads .andm-btn","gap","var(--andm-space-1)","--andm-space-1"
"src/styles/controls/button.css","@layer andm.components / .andm-series--dads .andm-btn","letter-spacing","0.02em",""
"src/styles/controls/button.css","@layer andm.components / .andm-series--dads .andm-btn","text-underline-offset","0.1875rem",""
"src/styles/controls/button.css","@layer andm.components / .andm-series--dads .andm-btn","min-width","var(--andm-space-24)","--andm-space-24"
"src/styles/controls/button.css","@layer andm.components / .andm-series--dads .andm-btn--sm","min-width","var(--andm-space-20)","--andm-space-20"
"src/styles/controls/button.css","@layer andm.components / .andm-series--dads .andm-btn--sm","--andm-btn-radius-rest","6px",""
"src/styles/controls/button.css","@layer andm.components / .andm-series--dads .andm-btn--sm","--andm-btn-radius-pressed","6px",""
"src/styles/controls/button.css","@layer andm.components / .andm-series--dads .andm-btn--lg","min-width","136px",""
"src/styles/controls/button.css","@layer andm.components / .andm-series--dads .andm-btn--sm::after","content","""""",""
"src/styles/controls/button.css","@layer andm.components / .andm-series--dads .andm-btn--sm::after","position","absolute",""
"src/styles/controls/button.css","@layer andm.components / .andm-series--dads .andm-btn--sm::after","inset","0",""
"src/styles/controls/button.css","@layer andm.components / .andm-series--dads .andm-btn--sm::after","height","44px",""
"src/styles/controls/button.css","@layer andm.components / .andm-series--dads .andm-btn--sm::after","margin","auto",""
"src/styles/controls/button.css","@layer andm.components / .andm-series--dads .andm-btn--text","text-decoration","underline",""
"src/styles/controls/button.css","@layer andm.components / .andm-series--dads .andm-btn--text","text-decoration-thickness","1px",""
"src/styles/controls/button.css","@layer andm.components / .andm-series--dads .andm-btn--elevated","box-shadow","none",""
"src/styles/controls/button.css","@layer andm.components / .andm-series--dads .andm-btn--elevated","border","1px solid var(--andm-color-line)","--andm-color-line"
"src/styles/controls/button.css","@layer andm.components / .andm-series--dads .andm-btn--elevated","background","var(--andm-color-surface)","--andm-color-surface"
"src/styles/controls/button.css","@layer andm.components / .andm-series--dads
    .andm-btn--filled:hover:not(:disabled):not([disabled])::before,
  .andm-series--dads
    .andm-btn--filled:active:not(:disabled):not([disabled])::before,
  .andm-series--dads
    .andm-btn--elevated:hover:not(:disabled):not([disabled])::before,
  .andm-series--dads
    .andm-btn--elevated:active:not(:disabled):not([disabled])::before,
  .andm-series--dads
    .andm-btn--tonal:hover:not(:disabled):not([disabled])::before,
  .andm-series--dads
    .andm-btn--tonal:active:not(:disabled):not([disabled])::before","background","transparent",""
"src/styles/controls/button.css","@layer andm.components / .andm-series--dads .andm-btn--filled:hover:not(:disabled):not([disabled])","background","var(--andm-color-primary-hover)","--andm-color-primary-hover"
"src/styles/controls/button.css","@layer andm.components / .andm-series--dads .andm-btn--filled:hover:not(:disabled):not([disabled])","box-shadow","none",""
"src/styles/controls/button.css","@layer andm.components / .andm-series--dads .andm-btn--filled:hover:not(:disabled):not([disabled])","text-decoration","underline",""
"src/styles/controls/button.css","@layer andm.components / .andm-series--dads .andm-btn--filled:hover:not(:disabled):not([disabled])","text-decoration-thickness","1px",""
"src/styles/controls/button.css","@layer andm.components / .andm-series--dads .andm-btn--filled:active:not(:disabled):not([disabled])","background","var(--andm-color-primary-active)","--andm-color-primary-active"
"src/styles/controls/button.css","@layer andm.components / .andm-series--dads .andm-btn--filled:active:not(:disabled):not([disabled])","box-shadow","none",""
"src/styles/controls/button.css","@layer andm.components / .andm-series--dads .andm-btn--filled:active:not(:disabled):not([disabled])","text-decoration","underline",""
"src/styles/controls/button.css","@layer andm.components / .andm-series--dads .andm-btn--filled:active:not(:disabled):not([disabled])","text-decoration-thickness","1px",""
"src/styles/controls/button.css","@layer andm.components / .andm-series--dads .andm-btn--outlined:hover:not(:disabled):not([disabled])","background","var(--andm-color-primary-wash)","--andm-color-primary-wash"
"src/styles/controls/button.css","@layer andm.components / .andm-series--dads .andm-btn--outlined:hover:not(:disabled):not([disabled])","color","var(--andm-color-primary-hover)","--andm-color-primary-hover"
"src/styles/controls/button.css","@layer andm.components / .andm-series--dads .andm-btn--outlined:hover:not(:disabled):not([disabled])","text-decoration","underline",""
"src/styles/controls/button.css","@layer andm.components / .andm-series--dads .andm-btn--outlined:hover:not(:disabled):not([disabled])","text-decoration-thickness","1px",""
"src/styles/controls/button.css","@layer andm.components / .andm-series--dads .andm-btn--outlined:active:not(:disabled):not([disabled])","background","var(--andm-color-primary-wash-strong)","--andm-color-primary-wash-strong"
"src/styles/controls/button.css","@layer andm.components / .andm-series--dads .andm-btn--outlined:active:not(:disabled):not([disabled])","color","var(--andm-color-primary-active)","--andm-color-primary-active"
"src/styles/controls/button.css","@layer andm.components / .andm-series--dads .andm-btn--outlined:active:not(:disabled):not([disabled])","text-decoration","underline",""
"src/styles/controls/button.css","@layer andm.components / .andm-series--dads .andm-btn--outlined:active:not(:disabled):not([disabled])","text-decoration-thickness","1px",""
"src/styles/controls/button.css","@layer andm.components / .andm-series--dads .andm-btn--text:hover:not(:disabled):not([disabled])","background","var(--andm-color-primary-soft)","--andm-color-primary-soft"
"src/styles/controls/button.css","@layer andm.components / .andm-series--dads .andm-btn--text:hover:not(:disabled):not([disabled])","color","var(--andm-color-primary-hover)","--andm-color-primary-hover"
"src/styles/controls/button.css","@layer andm.components / .andm-series--dads .andm-btn--text:hover:not(:disabled):not([disabled])","text-decoration-thickness","3px",""
"src/styles/controls/button.css","@layer andm.components / .andm-series--dads .andm-btn--text:active:not(:disabled):not([disabled])","background","var(--andm-color-primary-muted)","--andm-color-primary-muted"
"src/styles/controls/button.css","@layer andm.components / .andm-series--dads .andm-btn--text:active:not(:disabled):not([disabled])","color","var(--andm-color-primary-active)","--andm-color-primary-active"
"src/styles/controls/button.css","@layer andm.components / .andm-series--dads .andm-btn--tonal:hover:not(:disabled):not([disabled])","background","var(--andm-color-primary-wash)","--andm-color-primary-wash"
"src/styles/controls/button.css","@layer andm.components / .andm-series--dads .andm-btn--tonal:active:not(:disabled):not([disabled])","background","var(--andm-color-primary-wash-strong)","--andm-color-primary-wash-strong"
"src/styles/controls/button.css","@layer andm.components / .andm-series--dads .andm-btn--elevated:hover:not(:disabled):not([disabled])","box-shadow","none",""
"src/styles/controls/button.css","@layer andm.components / .andm-series--dads .andm-btn--elevated:hover:not(:disabled):not([disabled])","background","var(--andm-color-primary-soft)","--andm-color-primary-soft"
"src/styles/controls/button.css","@layer andm.components / .andm-series--dads .andm-btn--elevated:active:not(:disabled):not([disabled])","box-shadow","none",""
"src/styles/controls/button.css","@layer andm.components / .andm-series--dads .andm-btn--elevated:active:not(:disabled):not([disabled])","background","var(--andm-color-primary-muted)","--andm-color-primary-muted"
"src/styles/controls/button.css","@layer andm.components / .andm-series--dads .andm-btn--filled:disabled,
  .andm-series--dads .andm-btn--filled[disabled]","background","var(--andm-color-disabled-container)","--andm-color-disabled-container"
"src/styles/controls/button.css","@layer andm.components / .andm-series--dads .andm-btn--filled:disabled,
  .andm-series--dads .andm-btn--filled[disabled]","color","var(--andm-color-on-disabled-fill)","--andm-color-on-disabled-fill"
"src/styles/controls/button.css","@layer andm.components / .andm-series--dads .andm-btn--filled:disabled,
  .andm-series--dads .andm-btn--filled[disabled]","text-decoration","none",""
"src/styles/controls/button.css","@layer andm.components / .andm-series--dads .andm-btn--elevated:disabled,
  .andm-series--dads .andm-btn--elevated[disabled]","background","var(--andm-color-surface)","--andm-color-surface"
"src/styles/controls/button.css","@layer andm.components / .andm-series--dads .andm-btn--elevated:disabled,
  .andm-series--dads .andm-btn--elevated[disabled]","color","var(--andm-color-on-disabled)","--andm-color-on-disabled"
"src/styles/controls/button.css","@layer andm.components / .andm-series--dads .andm-btn--elevated:disabled,
  .andm-series--dads .andm-btn--elevated[disabled]","border-color","var(--andm-color-disabled-outline)","--andm-color-disabled-outline"
"src/styles/controls/button.css","@layer andm.components / .andm-series--dads .andm-btn--elevated:disabled,
  .andm-series--dads .andm-btn--elevated[disabled]","box-shadow","none",""
"src/styles/controls/button.css","@layer andm.components / .andm-series--dads .andm-btn:focus-visible","outline","var(--andm-focus-ring-width) var(--andm-focus-ring-style) var(--andm-focus-ring-color)","--andm-focus-ring-width --andm-focus-ring-style --andm-focus-ring-color"
"src/styles/controls/button.css","@layer andm.components / .andm-series--dads .andm-btn:focus-visible","outline-offset","var(--andm-focus-ring-offset)","--andm-focus-ring-offset"
"src/styles/controls/button.css","@layer andm.components / .andm-series--dads .andm-btn:focus-visible","box-shadow","0 0 0 var(--andm-space-05) var(--andm-focus-ring-inner)","--andm-space-05 --andm-focus-ring-inner"
"src/styles/controls/button.css","@layer andm.components / .andm-series--dads .andm-btn--text:focus-visible","background","var(--andm-focus-ring-inner)","--andm-focus-ring-inner"
"src/styles/controls/button.css","@layer andm.components / .andm-series--dads .andm-btn--text:focus-visible","color","var(--andm-color-primary)","--andm-color-primary"
"src/styles/controls/button.css","@layer andm.components / .andm-series--spectrum .andm-btn","border-style","solid",""
"src/styles/controls/button.css","@layer andm.components / .andm-series--spectrum .andm-btn","border-width","var(--andm-space-05)","--andm-space-05"
"src/styles/controls/button.css","@layer andm.components / .andm-series--spectrum .andm-btn","border-color","transparent",""
"src/styles/controls/button.css","@layer andm.components / .andm-series--spectrum .andm-btn--outlined","border-color","var(--andm-color-primary)","--andm-color-primary"
"src/styles/controls/button.css","@layer andm.components / .andm-series--spectrum .andm-btn--elevated","border-color","var(--andm-color-outline)","--andm-color-outline"
"src/styles/controls/button.css","@layer andm.components / .andm-series--spectrum .andm-btn--elevated","background-color","var(--andm-color-surface)","--andm-color-surface"
"src/styles/controls/button.css","@layer andm.components / .andm-series--spectrum .andm-btn--filled:hover:not(:disabled):not([disabled]),
  .andm-series--spectrum .andm-btn--filled:active:not(:disabled):not([disabled])","background-color","rgb(39, 77, 234)",""
"src/styles/controls/button.css","@layer andm.components / .andm-series--spectrum
    .andm-btn--filled:hover:not(:disabled):not([disabled])::before,
  .andm-series--spectrum
    .andm-btn--filled:active:not(:disabled):not([disabled])::before","background","transparent",""
"src/styles/controls/button.css","@layer andm.components / .andm-series--fluent .andm-btn--lg","--andm-btn-radius-rest","var(--andm-radius-sm)","--andm-radius-sm"
"src/styles/controls/button.css","@layer andm.components / .andm-series--fluent .andm-btn--lg","--andm-btn-radius-pressed","var(--andm-radius-sm)","--andm-radius-sm"
"src/styles/controls/button.css","@layer andm.components / .andm-series--carbon .andm-btn","border-style","solid",""
"src/styles/controls/button.css","@layer andm.components / .andm-series--carbon .andm-btn","border-width","1px",""
"src/styles/controls/button.css","@layer andm.components / .andm-series--carbon .andm-btn","border-color","transparent",""
"src/styles/controls/button.css","@layer andm.components / .andm-series--carbon .andm-btn--filled:hover:not(:disabled):not([disabled])","background-color","var(--andm-color-primary-hover)","--andm-color-primary-hover"
"src/styles/controls/button.css","@layer andm.components / .andm-series--carbon .andm-btn--filled:hover:not(:disabled):not([disabled])","color","var(--andm-color-on-primary)","--andm-color-on-primary"
"src/styles/controls/button.css","@layer andm.components / .andm-series--carbon .andm-btn--filled:active:not(:disabled):not([disabled])","background-color","var(--andm-color-primary-active)","--andm-color-primary-active"
"src/styles/controls/button.css","@layer andm.components / .andm-series--carbon .andm-btn--filled:active:not(:disabled):not([disabled])","color","var(--andm-color-on-primary)","--andm-color-on-primary"
"src/styles/controls/button.css","@layer andm.components / .andm-series--carbon
    .andm-btn--filled:hover:not(:disabled):not([disabled])::before,
  .andm-series--carbon
    .andm-btn--filled:active:not(:disabled):not([disabled])::before","background","transparent",""
"src/styles/controls/button.css","@layer andm.components / .andm-series--carbon .andm-btn--outlined","border-color","var(--andm-color-primary)","--andm-color-primary"
"src/styles/controls/button.css","@layer andm.components / .andm-series--carbon .andm-btn--outlined","color","var(--andm-color-primary)","--andm-color-primary"
"src/styles/controls/button.css","@layer andm.components / .andm-series--carbon .andm-btn--outlined","background","transparent",""
"src/styles/controls/button.css","@layer andm.components / .andm-series--carbon .andm-btn--outlined:hover:not(:disabled):not([disabled])","background-color","var(--andm-color-primary-hover)","--andm-color-primary-hover"
"src/styles/controls/button.css","@layer andm.components / .andm-series--carbon .andm-btn--outlined:hover:not(:disabled):not([disabled])","color","var(--andm-color-on-primary)","--andm-color-on-primary"
"src/styles/controls/button.css","@layer andm.components / .andm-series--carbon .andm-btn--outlined:active:not(:disabled):not([disabled])","border-color","transparent",""
"src/styles/controls/button.css","@layer andm.components / .andm-series--carbon .andm-btn--outlined:active:not(:disabled):not([disabled])","background-color","var(--andm-color-primary-active)","--andm-color-primary-active"
"src/styles/controls/button.css","@layer andm.components / .andm-series--carbon .andm-btn--outlined:active:not(:disabled):not([disabled])","color","var(--andm-color-on-primary)","--andm-color-on-primary"
"src/styles/controls/button.css","@layer andm.components / .andm-series--carbon .andm-btn--tonal","background","var(--andm-color-secondary-container)","--andm-color-secondary-container"
"src/styles/controls/button.css","@layer andm.components / .andm-series--carbon .andm-btn--tonal","color","var(--andm-color-on-secondary-container)","--andm-color-on-secondary-container"
"src/styles/controls/button.css","@layer andm.components / .andm-series--carbon .andm-btn--tonal:hover:not(:disabled):not([disabled])","background-color","#4c4c4c",""
"src/styles/controls/button.css","@layer andm.components / .andm-series--carbon .andm-btn--tonal:hover:not(:disabled):not([disabled])","color","var(--andm-color-on-primary)","--andm-color-on-primary"
"src/styles/controls/button.css","@layer andm.components / .andm-series--carbon .andm-btn--tonal:active:not(:disabled):not([disabled])","background-color","#6f6f6f",""
"src/styles/controls/button.css","@layer andm.components / .andm-series--carbon .andm-btn--tonal:active:not(:disabled):not([disabled])","color","var(--andm-color-on-primary)","--andm-color-on-primary"
"src/styles/controls/button.css","@layer andm.components / .andm-series--carbon
    .andm-btn--tonal:hover:not(:disabled):not([disabled])::before,
  .andm-series--carbon
    .andm-btn--tonal:active:not(:disabled):not([disabled])::before,
  .andm-series--carbon
    .andm-btn--outlined:hover:not(:disabled):not([disabled])::before,
  .andm-series--carbon
    .andm-btn--outlined:active:not(:disabled):not([disabled])::before","background","transparent",""
"src/styles/controls/button.css","@layer andm.components / .andm-series--uswds .andm-btn--outlined","border-width","2px",""
"src/styles/controls/button.css","@layer andm.components / @media (prefers-reduced-motion: reduce) / .andm-btn:active:not(:disabled):not([disabled])","transform","none",""
"src/styles/controls/button.css","@layer andm.components / @media (prefers-reduced-motion: reduce) / .andm-btn:active:not(:disabled):not([disabled])","border-radius","var(--andm-btn-radius-rest, var(--andm-btn-radius))","--andm-btn-radius-rest --andm-btn-radius"
"src/styles/controls/button.css","@layer andm.components / @media (prefers-reduced-motion: reduce) / .andm-btn:active:not(:disabled):not([disabled])","transition","background-color var(--andm-motion-duration-short1)
          var(--andm-motion-easing-accelerate),
        color var(--andm-motion-duration-short1)
          var(--andm-motion-easing-accelerate),
        border-color var(--andm-motion-duration-short1)
          var(--andm-motion-easing-accelerate),
        box-shadow var(--andm-motion-duration-short1)
          var(--andm-motion-easing-accelerate)","--andm-motion-duration-short1 --andm-motion-easing-accelerate"
"src/styles/controls/checkbox.css","@layer andm.components / .andm-checkbox","display","inline-flex",""
"src/styles/controls/checkbox.css","@layer andm.components / .andm-checkbox","align-items","flex-start",""
"src/styles/controls/checkbox.css","@layer andm.components / .andm-checkbox","gap","var(--andm-space-2)","--andm-space-2"
"src/styles/controls/checkbox.css","@layer andm.components / .andm-checkbox","margin","0",""
"src/styles/controls/checkbox.css","@layer andm.components / .andm-checkbox","font-family","var(--andm-font-family)","--andm-font-family"
"src/styles/controls/checkbox.css","@layer andm.components / .andm-checkbox","font-size","var(--andm-font-size-md)","--andm-font-size-md"
"src/styles/controls/checkbox.css","@layer andm.components / .andm-checkbox","line-height","var(--andm-line-height-tight)","--andm-line-height-tight"
"src/styles/controls/checkbox.css","@layer andm.components / .andm-checkbox","color","var(--andm-color-on-surface)","--andm-color-on-surface"
"src/styles/controls/checkbox.css","@layer andm.components / .andm-checkbox","cursor","pointer",""
"src/styles/controls/checkbox.css","@layer andm.components / .andm-checkbox","user-select","none",""
"src/styles/controls/checkbox.css","@layer andm.components / .andm-checkbox__input","appearance","none",""
"src/styles/controls/checkbox.css","@layer andm.components / .andm-checkbox__input","box-sizing","border-box",""
"src/styles/controls/checkbox.css","@layer andm.components / .andm-checkbox__input","display","inline-grid",""
"src/styles/controls/checkbox.css","@layer andm.components / .andm-checkbox__input","place-items","center",""
"src/styles/controls/checkbox.css","@layer andm.components / .andm-checkbox__input","flex-shrink","0",""
"src/styles/controls/checkbox.css","@layer andm.components / .andm-checkbox__input","width","var(--andm-check-size, var(--andm-space-5))","--andm-check-size --andm-space-5"
"src/styles/controls/checkbox.css","@layer andm.components / .andm-checkbox__input","height","var(--andm-check-size, var(--andm-space-5))","--andm-check-size --andm-space-5"
"src/styles/controls/checkbox.css","@layer andm.components / .andm-checkbox__input","margin","0",""
"src/styles/controls/checkbox.css","@layer andm.components / .andm-checkbox__input","border","var(--andm-check-border-width, var(--andm-space-05)) solid
      var(--andm-color-on-surface-variant)","--andm-check-border-width --andm-space-05 --andm-color-on-surface-variant"
"src/styles/controls/checkbox.css","@layer andm.components / .andm-checkbox__input","border-radius","var(--andm-check-radius, var(--andm-space-1))","--andm-check-radius --andm-space-1"
"src/styles/controls/checkbox.css","@layer andm.components / .andm-checkbox__input","background","var(--andm-color-surface)","--andm-color-surface"
"src/styles/controls/checkbox.css","@layer andm.components / .andm-checkbox__input","color","var(--andm-color-on-primary)","--andm-color-on-primary"
"src/styles/controls/checkbox.css","@layer andm.components / .andm-checkbox__input","cursor","inherit",""
"src/styles/controls/checkbox.css","@layer andm.components / .andm-checkbox__input","transition","background-color var(--andm-motion-duration-short3)
        var(--andm-motion-easing-standard),
      border-color var(--andm-motion-duration-short2)
        var(--andm-motion-easing-decelerate),
      box-shadow var(--andm-motion-duration-short2)
        var(--andm-motion-easing-decelerate),
      color var(--andm-motion-duration-short3) var(--andm-motion-easing-standard)","--andm-motion-duration-short3 --andm-motion-easing-standard --andm-motion-duration-short2 --andm-motion-easing-decelerate"
"src/styles/controls/checkbox.css","@layer andm.components / .andm-checkbox__input::after","content","""""",""
"src/styles/controls/checkbox.css","@layer andm.components / .andm-checkbox__input::after","width","var(--andm-space-1)","--andm-space-1"
"src/styles/controls/checkbox.css","@layer andm.components / .andm-checkbox__input::after","height","var(--andm-space-2)","--andm-space-2"
"src/styles/controls/checkbox.css","@layer andm.components / .andm-checkbox__input::after","margin-top","calc(var(--andm-space-05) * -1)","--andm-space-05"
"src/styles/controls/checkbox.css","@layer andm.components / .andm-checkbox__input::after","border","solid currentColor",""
"src/styles/controls/checkbox.css","@layer andm.components / .andm-checkbox__input::after","border-width","0 var(--andm-space-05) var(--andm-space-05) 0","--andm-space-05"
"src/styles/controls/checkbox.css","@layer andm.components / .andm-checkbox__input::after","transform","rotate(45deg)",""
"src/styles/controls/checkbox.css","@layer andm.components / .andm-checkbox__input::after","opacity","0",""
"src/styles/controls/checkbox.css","@layer andm.components / .andm-checkbox__input:hover:not(:disabled):not([disabled])","border-color","var(--andm-color-on-surface)","--andm-color-on-surface"
"src/styles/controls/checkbox.css","@layer andm.components / .andm-checkbox__input:checked","background","var(--andm-color-primary)","--andm-color-primary"
"src/styles/controls/checkbox.css","@layer andm.components / .andm-checkbox__input:checked","border-color","var(--andm-color-primary)","--andm-color-primary"
"src/styles/controls/checkbox.css","@layer andm.components / .andm-checkbox__input:checked","color","var(--andm-color-on-primary)","--andm-color-on-primary"
"src/styles/controls/checkbox.css","@layer andm.components / .andm-checkbox__input:checked::after","opacity","1",""
"src/styles/controls/checkbox.css","@layer andm.components / .andm-checkbox__input:indeterminate","background","var(--andm-color-primary)","--andm-color-primary"
"src/styles/controls/checkbox.css","@layer andm.components / .andm-checkbox__input:indeterminate","border-color","var(--andm-color-primary)","--andm-color-primary"
"src/styles/controls/checkbox.css","@layer andm.components / .andm-checkbox__input:indeterminate","color","var(--andm-color-on-primary)","--andm-color-on-primary"
"src/styles/controls/checkbox.css","@layer andm.components / .andm-checkbox__input:indeterminate::after","width","60%",""
"src/styles/controls/checkbox.css","@layer andm.components / .andm-checkbox__input:indeterminate::after","height","0",""
"src/styles/controls/checkbox.css","@layer andm.components / .andm-checkbox__input:indeterminate::after","margin","0",""
"src/styles/controls/checkbox.css","@layer andm.components / .andm-checkbox__input:indeterminate::after","border","0",""
"src/styles/controls/checkbox.css","@layer andm.components / .andm-checkbox__input:indeterminate::after","border-top","var(--andm-space-05) solid currentColor","--andm-space-05"
"src/styles/controls/checkbox.css","@layer andm.components / .andm-checkbox__input:indeterminate::after","transform","none",""
"src/styles/controls/checkbox.css","@layer andm.components / .andm-checkbox__input:indeterminate::after","opacity","1",""
"src/styles/controls/checkbox.css","@layer andm.components / .andm-checkbox__input:focus","outline","none",""
"src/styles/controls/checkbox.css","@layer andm.components / .andm-checkbox__input:focus-visible","outline","var(--andm-control-focus-width, var(--andm-focus-ring-width)) var(--andm-focus-ring-style)
      var(--andm-focus-ring-color)","--andm-control-focus-width --andm-focus-ring-width --andm-focus-ring-style --andm-focus-ring-color"
"src/styles/controls/checkbox.css","@layer andm.components / .andm-checkbox__input:focus-visible","outline-offset","var(--andm-control-focus-offset, var(--andm-focus-ring-offset))","--andm-control-focus-offset --andm-focus-ring-offset"
"src/styles/controls/checkbox.css","@layer andm.components / .andm-checkbox__input:focus-visible","box-shadow","var(--andm-control-focus-shadow, none)","--andm-control-focus-shadow"
"src/styles/controls/checkbox.css","@layer andm.components / .andm-checkbox__input:disabled,
  .andm-checkbox__input[disabled]","cursor","not-allowed",""
"src/styles/controls/checkbox.css","@layer andm.components / .andm-checkbox__input:disabled,
  .andm-checkbox__input[disabled]","border-color","var(--andm-color-disabled-outline)","--andm-color-disabled-outline"
"src/styles/controls/checkbox.css","@layer andm.components / .andm-checkbox__input:disabled,
  .andm-checkbox__input[disabled]","background","var(--andm-color-disabled-container)","--andm-color-disabled-container"
"src/styles/controls/checkbox.css","@layer andm.components / .andm-checkbox__input:disabled,
  .andm-checkbox__input[disabled]","color","var(--andm-color-on-disabled)","--andm-color-on-disabled"
"src/styles/controls/checkbox.css","@layer andm.components / .andm-checkbox__input:disabled:checked,
  .andm-checkbox__input[disabled]:checked","background","var(--andm-color-disabled-container)","--andm-color-disabled-container"
"src/styles/controls/checkbox.css","@layer andm.components / .andm-checkbox__input:disabled:checked,
  .andm-checkbox__input[disabled]:checked","border-color","var(--andm-color-disabled-outline)","--andm-color-disabled-outline"
"src/styles/controls/checkbox.css","@layer andm.components / .andm-checkbox__input:disabled:checked,
  .andm-checkbox__input[disabled]:checked","color","var(--andm-color-on-disabled)","--andm-color-on-disabled"
"src/styles/controls/checkbox.css","@layer andm.components / .andm-checkbox:has(.andm-checkbox__input:disabled),
  .andm-checkbox:has(.andm-checkbox__input[disabled])","cursor","not-allowed",""
"src/styles/controls/checkbox.css","@layer andm.components / .andm-checkbox:has(.andm-checkbox__input:disabled),
  .andm-checkbox:has(.andm-checkbox__input[disabled])","color","var(--andm-color-on-disabled)","--andm-color-on-disabled"
"src/styles/controls/checkbox.css","@layer andm.components / .andm-checkbox__label","padding-top","var(--andm-space-05)","--andm-space-05"
"src/styles/controls/chip.css","@layer andm.components / .andm-chip","display","inline-flex",""
"src/styles/controls/chip.css","@layer andm.components / .andm-chip","align-items","center",""
"src/styles/controls/chip.css","@layer andm.components / .andm-chip","justify-content","center",""
"src/styles/controls/chip.css","@layer andm.components / .andm-chip","gap","var(--andm-space-2)","--andm-space-2"
"src/styles/controls/chip.css","@layer andm.components / .andm-chip","min-height","var(--andm-chip-height, var(--andm-target-min))","--andm-chip-height --andm-target-min"
"src/styles/controls/chip.css","@layer andm.components / .andm-chip","min-width","var(--andm-target-min)","--andm-target-min"
"src/styles/controls/chip.css","@layer andm.components / .andm-chip","max-width","100%",""
"src/styles/controls/chip.css","@layer andm.components / .andm-chip","padding","var(--andm-space-1) var(--andm-space-3)","--andm-space-1 --andm-space-3"
"src/styles/controls/chip.css","@layer andm.components / .andm-chip","border","var(--andm-chip-border-width, 1px) solid var(--andm-color-outline)","--andm-chip-border-width --andm-color-outline"
"src/styles/controls/chip.css","@layer andm.components / .andm-chip","border-radius","var(--andm-chip-radius, var(--andm-radius-pill))","--andm-chip-radius --andm-radius-pill"
"src/styles/controls/chip.css","@layer andm.components / .andm-chip","background","var(--andm-color-surface)","--andm-color-surface"
"src/styles/controls/chip.css","@layer andm.components / .andm-chip","color","var(--andm-color-on-surface)","--andm-color-on-surface"
"src/styles/controls/chip.css","@layer andm.components / .andm-chip","font","inherit",""
"src/styles/controls/chip.css","@layer andm.components / .andm-chip","font-size","var(--andm-font-size-sm)","--andm-font-size-sm"
"src/styles/controls/chip.css","@layer andm.components / .andm-chip","overflow-wrap","anywhere",""
"src/styles/controls/chip.css","@layer andm.components / .andm-chip","text-decoration","none",""
"src/styles/controls/chip.css","@layer andm.components / .andm-chip","transition","background-color var(--andm-motion-duration-short2) var(--andm-motion-easing-decelerate)","--andm-motion-duration-short2 --andm-motion-easing-decelerate"
"src/styles/controls/chip.css","@layer andm.components / button.andm-chip, a.andm-chip","appearance","none",""
"src/styles/controls/chip.css","@layer andm.components / button.andm-chip, a.andm-chip","cursor","pointer",""
"src/styles/controls/chip.css","@layer andm.components / .andm-chip:active:not(:disabled)","transition-timing-function","var(--andm-motion-easing-accelerate)","--andm-motion-easing-accelerate"
"src/styles/controls/chip.css","@layer andm.components / .andm-chip:active:not(:disabled)","transition-duration","var(--andm-motion-duration-short1)","--andm-motion-duration-short1"
"src/styles/controls/chip.css","@layer andm.components / .andm-chip[aria-pressed=""true""]","background","var(--andm-color-secondary-container)","--andm-color-secondary-container"
"src/styles/controls/chip.css","@layer andm.components / .andm-chip[aria-pressed=""true""]","color","var(--andm-color-on-secondary-container)","--andm-color-on-secondary-container"
"src/styles/controls/chip.css","@layer andm.components / .andm-chip[aria-pressed=""true""]","border-color","var(--andm-color-primary)","--andm-color-primary"
"src/styles/controls/chip.css","@layer andm.components / button.andm-chip:hover:not(:disabled), a.andm-chip:hover","box-shadow","inset 0 0 0 1px var(--andm-color-primary)","--andm-color-primary"
"src/styles/controls/chip.css","@layer andm.components / .andm-chip:focus-visible","outline","var(--andm-focus-ring-width) var(--andm-focus-ring-style) var(--andm-focus-ring-color)","--andm-focus-ring-width --andm-focus-ring-style --andm-focus-ring-color"
"src/styles/controls/chip.css","@layer andm.components / .andm-chip:focus-visible","outline-offset","var(--andm-focus-ring-offset)","--andm-focus-ring-offset"
"src/styles/controls/chip.css","@layer andm.components / .andm-chip:disabled","background","var(--andm-color-disabled-container)","--andm-color-disabled-container"
"src/styles/controls/chip.css","@layer andm.components / .andm-chip:disabled","color","var(--andm-color-on-disabled)","--andm-color-on-disabled"
"src/styles/controls/chip.css","@layer andm.components / .andm-chip:disabled","border-color","var(--andm-color-disabled-outline)","--andm-color-disabled-outline"
"src/styles/controls/chip.css","@layer andm.components / .andm-chip:disabled","cursor","not-allowed",""
"src/styles/controls/control-tokens.css","@layer andm.tokens / :root","--andm-field-border-width","1px",""
"src/styles/controls/control-tokens.css","@layer andm.tokens / :root","--andm-check-size","var(--andm-space-5)","--andm-space-5"
"src/styles/controls/control-tokens.css","@layer andm.tokens / :root","--andm-check-radius","var(--andm-space-1)","--andm-space-1"
"src/styles/controls/control-tokens.css","@layer andm.tokens / :root","--andm-check-border-width","var(--andm-space-05)","--andm-space-05"
"src/styles/controls/control-tokens.css","@layer andm.tokens / :root","--andm-radio-size","var(--andm-space-5)","--andm-space-5"
"src/styles/controls/control-tokens.css","@layer andm.tokens / :root","--andm-radio-border-width","var(--andm-space-05)","--andm-space-05"
"src/styles/controls/control-tokens.css","@layer andm.tokens / :root","--andm-radio-mark","35%",""
"src/styles/controls/control-tokens.css","@layer andm.tokens / :root","--andm-switch-width","var(--andm-space-10)","--andm-space-10"
"src/styles/controls/control-tokens.css","@layer andm.tokens / :root","--andm-switch-height","var(--andm-space-6)","--andm-space-6"
"src/styles/controls/control-tokens.css","@layer andm.tokens / :root","--andm-switch-thumb","var(--andm-space-4)","--andm-space-4"
"src/styles/controls/fab.css","@layer andm.components / .andm-fab","appearance","none",""
"src/styles/controls/fab.css","@layer andm.components / .andm-fab","display","inline-flex",""
"src/styles/controls/fab.css","@layer andm.components / .andm-fab","align-items","center",""
"src/styles/controls/fab.css","@layer andm.components / .andm-fab","justify-content","center",""
"src/styles/controls/fab.css","@layer andm.components / .andm-fab","gap","var(--andm-space-3)","--andm-space-3"
"src/styles/controls/fab.css","@layer andm.components / .andm-fab","min-width","var(--andm-fab-size, 56px)","--andm-fab-size"
"src/styles/controls/fab.css","@layer andm.components / .andm-fab","min-height","var(--andm-fab-size, 56px)","--andm-fab-size"
"src/styles/controls/fab.css","@layer andm.components / .andm-fab","height","auto",""
"src/styles/controls/fab.css","@layer andm.components / .andm-fab","padding","var(--andm-space-3) var(--andm-space-4)","--andm-space-3 --andm-space-4"
"src/styles/controls/fab.css","@layer andm.components / .andm-fab","border","0",""
"src/styles/controls/fab.css","@layer andm.components / .andm-fab","border-radius","var(--andm-fab-radius, var(--andm-radius-lg))","--andm-fab-radius --andm-radius-lg"
"src/styles/controls/fab.css","@layer andm.components / .andm-fab","background","var(--andm-color-primary)","--andm-color-primary"
"src/styles/controls/fab.css","@layer andm.components / .andm-fab","color","var(--andm-color-on-primary)","--andm-color-on-primary"
"src/styles/controls/fab.css","@layer andm.components / .andm-fab","box-shadow","var(--andm-shadow-2)","--andm-shadow-2"
"src/styles/controls/fab.css","@layer andm.components / .andm-fab","font","inherit",""
"src/styles/controls/fab.css","@layer andm.components / .andm-fab","font-family","var(--andm-font-family)","--andm-font-family"
"src/styles/controls/fab.css","@layer andm.components / .andm-fab","font-size","var(--andm-font-size-md)","--andm-font-size-md"
"src/styles/controls/fab.css","@layer andm.components / .andm-fab","line-height","1.5",""
"src/styles/controls/fab.css","@layer andm.components / .andm-fab","text-decoration","none",""
"src/styles/controls/fab.css","@layer andm.components / .andm-fab","white-space","normal",""
"src/styles/controls/fab.css","@layer andm.components / .andm-fab","overflow-wrap","anywhere",""
"src/styles/controls/fab.css","@layer andm.components / .andm-fab","cursor","pointer",""
"src/styles/controls/fab.css","@layer andm.components / .andm-fab","transition","background-color var(--andm-motion-duration-short2) var(--andm-motion-easing-decelerate),
      box-shadow var(--andm-motion-duration-short2) var(--andm-motion-easing-decelerate)","--andm-motion-duration-short2 --andm-motion-easing-decelerate"
"src/styles/controls/fab.css","@layer andm.components / .andm-fab:hover:not(:disabled)","background","color-mix(in srgb, var(--andm-color-primary) 90%, var(--andm-color-on-primary))","--andm-color-primary --andm-color-on-primary"
"src/styles/controls/fab.css","@layer andm.components / .andm-fab:active:not(:disabled)","box-shadow","none",""
"src/styles/controls/fab.css","@layer andm.components / .andm-fab:active:not(:disabled)","transition-duration","var(--andm-motion-duration-short1)","--andm-motion-duration-short1"
"src/styles/controls/fab.css","@layer andm.components / .andm-fab:active:not(:disabled)","transition-timing-function","var(--andm-motion-easing-accelerate)","--andm-motion-easing-accelerate"
"src/styles/controls/fab.css","@layer andm.components / .andm-fab:focus-visible","outline","var(--andm-focus-ring-width) var(--andm-focus-ring-style) var(--andm-focus-ring-color)","--andm-focus-ring-width --andm-focus-ring-style --andm-focus-ring-color"
"src/styles/controls/fab.css","@layer andm.components / .andm-fab:focus-visible","outline-offset","var(--andm-focus-ring-offset)","--andm-focus-ring-offset"
"src/styles/controls/fab.css","@layer andm.components / .andm-fab:disabled","background","var(--andm-color-disabled-container)","--andm-color-disabled-container"
"src/styles/controls/fab.css","@layer andm.components / .andm-fab:disabled","color","var(--andm-color-on-disabled)","--andm-color-on-disabled"
"src/styles/controls/fab.css","@layer andm.components / .andm-fab:disabled","box-shadow","none",""
"src/styles/controls/fab.css","@layer andm.components / .andm-fab:disabled","cursor","not-allowed",""
"src/styles/controls/fab.css","@layer andm.components / .andm-fab--sm","--andm-fab-size","var(--andm-target-min)","--andm-target-min"
"src/styles/controls/fab.css","@layer andm.components / .andm-fab--lg","--andm-fab-size","80px",""
"src/styles/controls/fab.css","@layer andm.components / .andm-fab--extended","gap","var(--andm-space-3)","--andm-space-3"
"src/styles/controls/file-input.css","@layer andm.components / .andm-file-input","display","block",""
"src/styles/controls/file-input.css","@layer andm.components / .andm-file-input","width","100%",""
"src/styles/controls/file-input.css","@layer andm.components / .andm-file-input","max-width","100%",""
"src/styles/controls/file-input.css","@layer andm.components / .andm-file-input","min-height","var(--andm-target-min)","--andm-target-min"
"src/styles/controls/file-input.css","@layer andm.components / .andm-file-input","padding","var(--andm-space-2)","--andm-space-2"
"src/styles/controls/file-input.css","@layer andm.components / .andm-file-input","border","1px solid var(--andm-color-outline)","--andm-color-outline"
"src/styles/controls/file-input.css","@layer andm.components / .andm-file-input","border-radius","var(--andm-field-radius, var(--andm-radius-md))","--andm-field-radius --andm-radius-md"
"src/styles/controls/file-input.css","@layer andm.components / .andm-file-input","background","var(--andm-color-surface)","--andm-color-surface"
"src/styles/controls/file-input.css","@layer andm.components / .andm-file-input","color","var(--andm-color-on-surface)","--andm-color-on-surface"
"src/styles/controls/file-input.css","@layer andm.components / .andm-file-input","font-family","var(--andm-type-body-font)","--andm-type-body-font"
"src/styles/controls/file-input.css","@layer andm.components / .andm-file-input","font-size","var(--andm-type-body-size)","--andm-type-body-size"
"src/styles/controls/file-input.css","@layer andm.components / .andm-file-input","line-height","var(--andm-type-body-line-height)","--andm-type-body-line-height"
"src/styles/controls/file-input.css","@layer andm.components / .andm-file-input::file-selector-button","margin-inline-end","var(--andm-space-3)","--andm-space-3"
"src/styles/controls/file-input.css","@layer andm.components / .andm-file-input::file-selector-button","padding","var(--andm-space-2)","--andm-space-2"
"src/styles/controls/file-input.css","@layer andm.components / .andm-file-input::file-selector-button","border","1px solid var(--andm-color-outline)","--andm-color-outline"
"src/styles/controls/file-input.css","@layer andm.components / .andm-file-input::file-selector-button","border-radius","var(--andm-radius-sm)","--andm-radius-sm"
"src/styles/controls/file-input.css","@layer andm.components / .andm-file-input::file-selector-button","background","var(--andm-color-secondary-container)","--andm-color-secondary-container"
"src/styles/controls/file-input.css","@layer andm.components / .andm-file-input::file-selector-button","color","var(--andm-color-on-secondary-container)","--andm-color-on-secondary-container"
"src/styles/controls/file-input.css","@layer andm.components / .andm-file-input::file-selector-button","font","inherit",""
"src/styles/controls/file-input.css","@layer andm.components / .andm-file-input::file-selector-button","cursor","pointer",""
"src/styles/controls/file-input.css","@layer andm.components / .andm-file-input:focus-visible","outline","var(--andm-focus-ring-width) var(--andm-focus-ring-style) var(--andm-focus-ring-color)","--andm-focus-ring-width --andm-focus-ring-style --andm-focus-ring-color"
"src/styles/controls/file-input.css","@layer andm.components / .andm-file-input:focus-visible","outline-offset","var(--andm-focus-ring-offset)","--andm-focus-ring-offset"
"src/styles/controls/file-input.css","@layer andm.components / .andm-file-input[aria-invalid=""true""]","border-color","var(--andm-color-error)","--andm-color-error"
"src/styles/controls/file-input.css","@layer andm.components / .andm-file-input:disabled","color","var(--andm-color-on-disabled)","--andm-color-on-disabled"
"src/styles/controls/file-input.css","@layer andm.components / .andm-file-input:disabled","background","var(--andm-color-disabled-container)","--andm-color-disabled-container"
"src/styles/controls/file-input.css","@layer andm.components / .andm-file-input:disabled","cursor","not-allowed",""
"src/styles/controls/file-input.css","@layer andm.components / .andm-file-input:disabled::file-selector-button","color","var(--andm-color-on-disabled)","--andm-color-on-disabled"
"src/styles/controls/file-input.css","@layer andm.components / .andm-file-input:disabled::file-selector-button","background","var(--andm-color-disabled-container)","--andm-color-disabled-container"
"src/styles/controls/file-input.css","@layer andm.components / .andm-file-input:disabled::file-selector-button","cursor","not-allowed",""
"src/styles/controls/icon-button.css","@layer andm.components / .andm-icon-button","display","inline-flex",""
"src/styles/controls/icon-button.css","@layer andm.components / .andm-icon-button","align-items","center",""
"src/styles/controls/icon-button.css","@layer andm.components / .andm-icon-button","justify-content","center",""
"src/styles/controls/icon-button.css","@layer andm.components / .andm-icon-button","width","max(var(--andm-icon-button-target), var(--andm-btn-height-md))","--andm-icon-button-target --andm-btn-height-md"
"src/styles/controls/icon-button.css","@layer andm.components / .andm-icon-button","min-width","var(--andm-icon-button-target)","--andm-icon-button-target"
"src/styles/controls/icon-button.css","@layer andm.components / .andm-icon-button","min-height","max(var(--andm-icon-button-target), var(--andm-btn-height-md))","--andm-icon-button-target --andm-btn-height-md"
"src/styles/controls/icon-button.css","@layer andm.components / .andm-icon-button","aspect-ratio","1",""
"src/styles/controls/icon-button.css","@layer andm.components / .andm-icon-button","padding","var(--andm-space-2)","--andm-space-2"
"src/styles/controls/icon-button.css","@layer andm.components / .andm-icon-button","border","1px solid transparent",""
"src/styles/controls/icon-button.css","@layer andm.components / .andm-icon-button","border-radius","var(--andm-btn-radius)","--andm-btn-radius"
"src/styles/controls/icon-button.css","@layer andm.components / .andm-icon-button","background","transparent",""
"src/styles/controls/icon-button.css","@layer andm.components / .andm-icon-button","color","var(--andm-color-primary)","--andm-color-primary"
"src/styles/controls/icon-button.css","@layer andm.components / .andm-icon-button","cursor","pointer",""
"src/styles/controls/icon-button.css","@layer andm.components / .andm-icon-button","appearance","none",""
"src/styles/controls/icon-button.css","@layer andm.components / .andm-icon-button","transition","background-color var(--andm-motion-duration-short2) var(--andm-motion-easing-decelerate)","--andm-motion-duration-short2 --andm-motion-easing-decelerate"
"src/styles/controls/icon-button.css","@layer andm.components / .andm-icon-button:hover:not(:disabled)","background","var(--andm-color-secondary-container)","--andm-color-secondary-container"
"src/styles/controls/icon-button.css","@layer andm.components / .andm-icon-button:hover:not(:disabled)","color","var(--andm-color-on-secondary-container)","--andm-color-on-secondary-container"
"src/styles/controls/icon-button.css","@layer andm.components / .andm-icon-button:active:not(:disabled)","background","var(--andm-color-secondary-container)","--andm-color-secondary-container"
"src/styles/controls/icon-button.css","@layer andm.components / .andm-icon-button:active:not(:disabled)","transition-duration","var(--andm-motion-duration-short1)","--andm-motion-duration-short1"
"src/styles/controls/icon-button.css","@layer andm.components / .andm-icon-button:active:not(:disabled)","transition-timing-function","var(--andm-motion-easing-accelerate)","--andm-motion-easing-accelerate"
"src/styles/controls/icon-button.css","@layer andm.components / .andm-icon-button[aria-pressed=""true""], .andm-icon-button--filled","background","var(--andm-color-primary)","--andm-color-primary"
"src/styles/controls/icon-button.css","@layer andm.components / .andm-icon-button[aria-pressed=""true""], .andm-icon-button--filled","color","var(--andm-color-on-primary)","--andm-color-on-primary"
"src/styles/controls/icon-button.css","@layer andm.components / .andm-icon-button--outlined","border-color","currentColor",""
"src/styles/controls/icon-button.css","@layer andm.components / .andm-icon-button:focus-visible","outline","var(--andm-focus-ring-width) var(--andm-focus-ring-style) var(--andm-focus-ring-color)","--andm-focus-ring-width --andm-focus-ring-style --andm-focus-ring-color"
"src/styles/controls/icon-button.css","@layer andm.components / .andm-icon-button:focus-visible","outline-offset","var(--andm-focus-ring-offset)","--andm-focus-ring-offset"
"src/styles/controls/icon-button.css","@layer andm.components / .andm-icon-button:disabled","background","var(--andm-color-disabled-container)","--andm-color-disabled-container"
"src/styles/controls/icon-button.css","@layer andm.components / .andm-icon-button:disabled","color","var(--andm-color-on-disabled)","--andm-color-on-disabled"
"src/styles/controls/icon-button.css","@layer andm.components / .andm-icon-button:disabled","cursor","not-allowed",""
"src/styles/controls/icon-button.css","@layer andm.components / @media (prefers-reduced-motion: reduce) / .andm-icon-button","transition","none",""
"src/styles/controls/radio.css","@layer andm.components / .andm-radio-group","display","flex",""
"src/styles/controls/radio.css","@layer andm.components / .andm-radio-group","flex-direction","column",""
"src/styles/controls/radio.css","@layer andm.components / .andm-radio-group","gap","var(--andm-space-2)","--andm-space-2"
"src/styles/controls/radio.css","@layer andm.components / .andm-radio-group","margin","0",""
"src/styles/controls/radio.css","@layer andm.components / .andm-radio-group","padding","0",""
"src/styles/controls/radio.css","@layer andm.components / .andm-radio-group","border","0",""
"src/styles/controls/radio.css","@layer andm.components / .andm-radio-group","min-inline-size","0",""
"src/styles/controls/radio.css","@layer andm.components / .andm-radio-group__legend","margin","0 0 var(--andm-space-1)","--andm-space-1"
"src/styles/controls/radio.css","@layer andm.components / .andm-radio-group__legend","padding","0",""
"src/styles/controls/radio.css","@layer andm.components / .andm-radio-group__legend","font-family","var(--andm-font-family)","--andm-font-family"
"src/styles/controls/radio.css","@layer andm.components / .andm-radio-group__legend","font-size","var(--andm-font-size-sm)","--andm-font-size-sm"
"src/styles/controls/radio.css","@layer andm.components / .andm-radio-group__legend","font-weight","var(--andm-font-weight-medium)","--andm-font-weight-medium"
"src/styles/controls/radio.css","@layer andm.components / .andm-radio-group__legend","line-height","var(--andm-line-height-tight)","--andm-line-height-tight"
"src/styles/controls/radio.css","@layer andm.components / .andm-radio-group__legend","color","var(--andm-color-on-surface)","--andm-color-on-surface"
"src/styles/controls/radio.css","@layer andm.components / .andm-radio","display","inline-flex",""
"src/styles/controls/radio.css","@layer andm.components / .andm-radio","align-items","flex-start",""
"src/styles/controls/radio.css","@layer andm.components / .andm-radio","gap","var(--andm-space-2)","--andm-space-2"
"src/styles/controls/radio.css","@layer andm.components / .andm-radio","margin","0",""
"src/styles/controls/radio.css","@layer andm.components / .andm-radio","font-family","var(--andm-font-family)","--andm-font-family"
"src/styles/controls/radio.css","@layer andm.components / .andm-radio","font-size","var(--andm-font-size-md)","--andm-font-size-md"
"src/styles/controls/radio.css","@layer andm.components / .andm-radio","line-height","var(--andm-line-height-tight)","--andm-line-height-tight"
"src/styles/controls/radio.css","@layer andm.components / .andm-radio","color","var(--andm-color-on-surface)","--andm-color-on-surface"
"src/styles/controls/radio.css","@layer andm.components / .andm-radio","cursor","pointer",""
"src/styles/controls/radio.css","@layer andm.components / .andm-radio","user-select","none",""
"src/styles/controls/radio.css","@layer andm.components / .andm-radio__input","appearance","none",""
"src/styles/controls/radio.css","@layer andm.components / .andm-radio__input","box-sizing","border-box",""
"src/styles/controls/radio.css","@layer andm.components / .andm-radio__input","flex-shrink","0",""
"src/styles/controls/radio.css","@layer andm.components / .andm-radio__input","width","var(--andm-radio-size, var(--andm-space-5))","--andm-radio-size --andm-space-5"
"src/styles/controls/radio.css","@layer andm.components / .andm-radio__input","height","var(--andm-radio-size, var(--andm-space-5))","--andm-radio-size --andm-space-5"
"src/styles/controls/radio.css","@layer andm.components / .andm-radio__input","margin","0",""
"src/styles/controls/radio.css","@layer andm.components / .andm-radio__input","border","var(--andm-radio-border-width, var(--andm-space-05)) solid
      var(--andm-color-on-surface-variant)","--andm-radio-border-width --andm-space-05 --andm-color-on-surface-variant"
"src/styles/controls/radio.css","@layer andm.components / .andm-radio__input","border-radius","var(--andm-radius-pill)","--andm-radius-pill"
"src/styles/controls/radio.css","@layer andm.components / .andm-radio__input","background","var(--andm-color-surface)","--andm-color-surface"
"src/styles/controls/radio.css","@layer andm.components / .andm-radio__input","cursor","inherit",""
"src/styles/controls/radio.css","@layer andm.components / .andm-radio__input","transition","background-color var(--andm-motion-duration-short3)
        var(--andm-motion-easing-standard),
      border-color var(--andm-motion-duration-short2)
        var(--andm-motion-easing-decelerate),
      box-shadow var(--andm-motion-duration-short2)
        var(--andm-motion-easing-decelerate)","--andm-motion-duration-short3 --andm-motion-easing-standard --andm-motion-duration-short2 --andm-motion-easing-decelerate"
"src/styles/controls/radio.css","@layer andm.components / .andm-radio__input:hover:not(:disabled):not([disabled])","border-color","var(--andm-color-on-surface)","--andm-color-on-surface"
"src/styles/controls/radio.css","@layer andm.components / .andm-radio__input:checked","border-color","var(--andm-color-primary)","--andm-color-primary"
"src/styles/controls/radio.css","@layer andm.components / .andm-radio__input:checked","background","radial-gradient(
        circle at center,
        var(--andm-color-primary) 0,
        var(--andm-color-primary) var(--andm-radio-mark, 35%),
        transparent calc(var(--andm-radio-mark, 35%) + 1%)
      ),
      var(--andm-color-surface)","--andm-color-primary --andm-radio-mark --andm-color-surface"
"src/styles/controls/radio.css","@layer andm.components / .andm-radio__input:focus","outline","none",""
"src/styles/controls/radio.css","@layer andm.components / .andm-radio__input:focus-visible","outline","var(--andm-control-focus-width, var(--andm-focus-ring-width)) var(--andm-focus-ring-style)
      var(--andm-focus-ring-color)","--andm-control-focus-width --andm-focus-ring-width --andm-focus-ring-style --andm-focus-ring-color"
"src/styles/controls/radio.css","@layer andm.components / .andm-radio__input:focus-visible","outline-offset","var(--andm-control-focus-offset, var(--andm-focus-ring-offset))","--andm-control-focus-offset --andm-focus-ring-offset"
"src/styles/controls/radio.css","@layer andm.components / .andm-radio__input:focus-visible","box-shadow","var(--andm-control-focus-shadow, none)","--andm-control-focus-shadow"
"src/styles/controls/radio.css","@layer andm.components / .andm-radio__input:disabled,
  .andm-radio__input[disabled]","cursor","not-allowed",""
"src/styles/controls/radio.css","@layer andm.components / .andm-radio__input:disabled,
  .andm-radio__input[disabled]","border-color","var(--andm-color-disabled-outline)","--andm-color-disabled-outline"
"src/styles/controls/radio.css","@layer andm.components / .andm-radio__input:disabled,
  .andm-radio__input[disabled]","background","var(--andm-color-disabled-container)","--andm-color-disabled-container"
"src/styles/controls/radio.css","@layer andm.components / .andm-radio__input:disabled:checked,
  .andm-radio__input[disabled]:checked","border-color","var(--andm-color-disabled-outline)","--andm-color-disabled-outline"
"src/styles/controls/radio.css","@layer andm.components / .andm-radio__input:disabled:checked,
  .andm-radio__input[disabled]:checked","background","radial-gradient(
        circle at center,
        var(--andm-color-on-disabled) 0,
        var(--andm-color-on-disabled) var(--andm-radio-mark, 35%),
        transparent calc(var(--andm-radio-mark, 35%) + 1%)
      ),
      var(--andm-color-disabled-container)","--andm-color-on-disabled --andm-radio-mark --andm-color-disabled-container"
"src/styles/controls/radio.css","@layer andm.components / .andm-radio:has(.andm-radio__input:disabled),
  .andm-radio:has(.andm-radio__input[disabled])","cursor","not-allowed",""
"src/styles/controls/radio.css","@layer andm.components / .andm-radio:has(.andm-radio__input:disabled),
  .andm-radio:has(.andm-radio__input[disabled])","color","var(--andm-color-on-disabled)","--andm-color-on-disabled"
"src/styles/controls/radio.css","@layer andm.components / .andm-radio__label","padding-top","var(--andm-space-05)","--andm-space-05"
"src/styles/controls/segmented.css","@layer andm.components / .andm-segmented","--andm-segmented-count","1",""
"src/styles/controls/segmented.css","@layer andm.components / .andm-segmented","--andm-segmented-index","0",""
"src/styles/controls/segmented.css","@layer andm.components / .andm-segmented","position","relative",""
"src/styles/controls/segmented.css","@layer andm.components / .andm-segmented","display","inline-grid",""
"src/styles/controls/segmented.css","@layer andm.components / .andm-segmented","grid-auto-flow","column",""
"src/styles/controls/segmented.css","@layer andm.components / .andm-segmented","grid-auto-columns","1fr",""
"src/styles/controls/segmented.css","@layer andm.components / .andm-segmented","max-width","100%",""
"src/styles/controls/segmented.css","@layer andm.components / .andm-segmented","margin","0",""
"src/styles/controls/segmented.css","@layer andm.components / .andm-segmented","padding","0",""
"src/styles/controls/segmented.css","@layer andm.components / .andm-segmented","border","1px solid var(--andm-color-outline)","--andm-color-outline"
"src/styles/controls/segmented.css","@layer andm.components / .andm-segmented","border-radius","var(--andm-segmented-radius, var(--andm-radius-md))","--andm-segmented-radius --andm-radius-md"
"src/styles/controls/segmented.css","@layer andm.components / .andm-segmented","overflow","hidden",""
"src/styles/controls/segmented.css","@layer andm.components / .andm-segmented","font-family","var(--andm-font-family)","--andm-font-family"
"src/styles/controls/segmented.css","@layer andm.components / .andm-segmented__indicator","position","absolute",""
"src/styles/controls/segmented.css","@layer andm.components / .andm-segmented__indicator","z-index","0",""
"src/styles/controls/segmented.css","@layer andm.components / .andm-segmented__indicator","inset-block","0",""
"src/styles/controls/segmented.css","@layer andm.components / .andm-segmented__indicator","inset-inline-start","0",""
"src/styles/controls/segmented.css","@layer andm.components / .andm-segmented__indicator","width","calc(100% / var(--andm-segmented-count))","--andm-segmented-count"
"src/styles/controls/segmented.css","@layer andm.components / .andm-segmented__indicator","background","var(--andm-color-primary)","--andm-color-primary"
"src/styles/controls/segmented.css","@layer andm.components / .andm-segmented__indicator","pointer-events","none",""
"src/styles/controls/segmented.css","@layer andm.components / .andm-segmented__indicator","transform","translateX(calc(var(--andm-segmented-index) * 100%))","--andm-segmented-index"
"src/styles/controls/segmented.css","@layer andm.components / .andm-segmented__indicator","transition","transform var(--andm-motion-duration-short3)
      var(--andm-motion-easing-standard)","--andm-motion-duration-short3 --andm-motion-easing-standard"
"src/styles/controls/segmented.css","@layer andm.components / .andm-segmented__option","appearance","none",""
"src/styles/controls/segmented.css","@layer andm.components / .andm-segmented__option","display","inline-flex",""
"src/styles/controls/segmented.css","@layer andm.components / .andm-segmented__option","align-items","center",""
"src/styles/controls/segmented.css","@layer andm.components / .andm-segmented__option","justify-content","center",""
"src/styles/controls/segmented.css","@layer andm.components / .andm-segmented__option","min-height","var(--andm-btn-height-md)","--andm-btn-height-md"
"src/styles/controls/segmented.css","@layer andm.components / .andm-segmented__option","margin","0",""
"src/styles/controls/segmented.css","@layer andm.components / .andm-segmented__option","padding","0 var(--andm-space-4)","--andm-space-4"
"src/styles/controls/segmented.css","@layer andm.components / .andm-segmented__option","border","0",""
"src/styles/controls/segmented.css","@layer andm.components / .andm-segmented__option","position","relative",""
"src/styles/controls/segmented.css","@layer andm.components / .andm-segmented__option","z-index","1",""
"src/styles/controls/segmented.css","@layer andm.components / .andm-segmented__option","border-inline-end","1px solid var(--andm-color-outline)","--andm-color-outline"
"src/styles/controls/segmented.css","@layer andm.components / .andm-segmented__option","background","transparent",""
"src/styles/controls/segmented.css","@layer andm.components / .andm-segmented__option","color","var(--andm-color-on-surface)","--andm-color-on-surface"
"src/styles/controls/segmented.css","@layer andm.components / .andm-segmented__option","font-family","inherit",""
"src/styles/controls/segmented.css","@layer andm.components / .andm-segmented__option","font-size","var(--andm-font-size-md)","--andm-font-size-md"
"src/styles/controls/segmented.css","@layer andm.components / .andm-segmented__option","font-weight","var(--andm-font-weight-medium)","--andm-font-weight-medium"
"src/styles/controls/segmented.css","@layer andm.components / .andm-segmented__option","line-height","var(--andm-line-height-tight)","--andm-line-height-tight"
"src/styles/controls/segmented.css","@layer andm.components / .andm-segmented__option","cursor","pointer",""
"src/styles/controls/segmented.css","@layer andm.components / .andm-segmented__option","transition","background-color var(--andm-motion-duration-short2)
        var(--andm-motion-easing-decelerate),
      color var(--andm-motion-duration-short3) var(--andm-motion-easing-standard)","--andm-motion-duration-short2 --andm-motion-easing-decelerate --andm-motion-duration-short3 --andm-motion-easing-standard"
"src/styles/controls/segmented.css","@layer andm.components / .andm-segmented__option:last-child","border-inline-end","0",""
"src/styles/controls/segmented.css","@layer andm.components / .andm-segmented__option:hover:not(:disabled):not([disabled])","background","rgb(
      var(--andm-color-primary-rgb) / var(--andm-state-hover-opacity)
    )","--andm-color-primary-rgb --andm-state-hover-opacity"
"src/styles/controls/segmented.css","@layer andm.components / .andm-segmented__option[aria-pressed=""true""]","background","transparent",""
"src/styles/controls/segmented.css","@layer andm.components / .andm-segmented__option[aria-pressed=""true""]","color","var(--andm-color-on-primary)","--andm-color-on-primary"
"src/styles/controls/segmented.css","@layer andm.components / .andm-segmented__option:active:not(:disabled):not([disabled])","background","rgb(
      var(--andm-color-primary-rgb) / var(--andm-state-pressed-opacity)
    )","--andm-color-primary-rgb --andm-state-pressed-opacity"
"src/styles/controls/segmented.css","@layer andm.components / .andm-segmented__option:active:not(:disabled):not([disabled])","transition-duration","var(--andm-motion-duration-short1)","--andm-motion-duration-short1"
"src/styles/controls/segmented.css","@layer andm.components / .andm-segmented__option:active:not(:disabled):not([disabled])","transition-timing-function","var(--andm-motion-easing-accelerate)","--andm-motion-easing-accelerate"
"src/styles/controls/segmented.css","@layer andm.components / .andm-segmented__option:focus","outline","none",""
"src/styles/controls/segmented.css","@layer andm.components / .andm-segmented__option:focus-visible","outline","var(--andm-focus-ring-width) var(--andm-focus-ring-style)
      var(--andm-focus-ring-color)","--andm-focus-ring-width --andm-focus-ring-style --andm-focus-ring-color"
"src/styles/controls/segmented.css","@layer andm.components / .andm-segmented__option:focus-visible","outline-offset","calc(var(--andm-focus-ring-offset) * -1)","--andm-focus-ring-offset"
"src/styles/controls/segmented.css","@layer andm.components / .andm-segmented__option:disabled,
  .andm-segmented__option[disabled]","cursor","not-allowed",""
"src/styles/controls/segmented.css","@layer andm.components / .andm-segmented__option:disabled,
  .andm-segmented__option[disabled]","color","var(--andm-color-on-disabled)","--andm-color-on-disabled"
"src/styles/controls/segmented.css","@layer andm.components / .andm-segmented__option:disabled,
  .andm-segmented__option[disabled]","background","var(--andm-color-disabled-container)","--andm-color-disabled-container"
"src/styles/controls/segmented.css","@layer andm.components / @media (prefers-reduced-motion: reduce) / .andm-segmented__option,
    .andm-segmented__indicator","transition","none",""
"src/styles/controls/select.css","@layer andm.components / .andm-select","min-width","0",""
"src/styles/controls/select.css","@layer andm.components / .andm-select","max-width","100%",""
"src/styles/controls/select.css","@layer andm.components / .andm-select","display","flex",""
"src/styles/controls/select.css","@layer andm.components / .andm-select","flex-direction","column",""
"src/styles/controls/select.css","@layer andm.components / .andm-select","align-items","stretch",""
"src/styles/controls/select.css","@layer andm.components / .andm-select","gap","var(--andm-space-1)","--andm-space-1"
"src/styles/controls/select.css","@layer andm.components / .andm-select","margin","0",""
"src/styles/controls/select.css","@layer andm.components / .andm-select","font-family","var(--andm-font-family)","--andm-font-family"
"src/styles/controls/select.css","@layer andm.components / .andm-select","color","var(--andm-color-on-surface)","--andm-color-on-surface"
"src/styles/controls/select.css","@layer andm.components / .andm-select__label","font-size","var(--andm-font-size-sm)","--andm-font-size-sm"
"src/styles/controls/select.css","@layer andm.components / .andm-select__label","font-weight","var(--andm-font-weight-medium)","--andm-font-weight-medium"
"src/styles/controls/select.css","@layer andm.components / .andm-select__label","line-height","var(--andm-line-height-tight)","--andm-line-height-tight"
"src/styles/controls/select.css","@layer andm.components / .andm-select__field","position","relative",""
"src/styles/controls/select.css","@layer andm.components / .andm-select__field","display","block",""
"src/styles/controls/select.css","@layer andm.components / .andm-select__native","appearance","none",""
"src/styles/controls/select.css","@layer andm.components / .andm-select__native","box-sizing","border-box",""
"src/styles/controls/select.css","@layer andm.components / .andm-select__native","width","100%",""
"src/styles/controls/select.css","@layer andm.components / .andm-select__native","max-width","100%",""
"src/styles/controls/select.css","@layer andm.components / .andm-select__native","height","var(--andm-field-height, var(--andm-btn-height-md))","--andm-field-height --andm-btn-height-md"
"src/styles/controls/select.css","@layer andm.components / .andm-select__native","margin","0",""
"src/styles/controls/select.css","@layer andm.components / .andm-select__native","padding","0
      calc(
        var(--andm-field-padding-x, var(--andm-btn-padding-x-md)) +
          var(--andm-space-5)
      )
      0 var(--andm-field-padding-x, var(--andm-btn-padding-x-md))","--andm-field-padding-x --andm-btn-padding-x-md --andm-space-5"
"src/styles/controls/select.css","@layer andm.components / .andm-select__native","border","var(--andm-field-border-width, 1px) solid
      var(--andm-field-border-color, var(--andm-color-on-surface-variant))","--andm-field-border-width --andm-field-border-color --andm-color-on-surface-variant"
"src/styles/controls/select.css","@layer andm.components / .andm-select__native","border-radius","var(--andm-field-radius, var(--andm-radius-md))","--andm-field-radius --andm-radius-md"
"src/styles/controls/select.css","@layer andm.components / .andm-select__native","background","var(--andm-color-surface)","--andm-color-surface"
"src/styles/controls/select.css","@layer andm.components / .andm-select__native","color","var(--andm-color-on-surface)","--andm-color-on-surface"
"src/styles/controls/select.css","@layer andm.components / .andm-select__native","font-family","inherit",""
"src/styles/controls/select.css","@layer andm.components / .andm-select__native","font-size","var(--andm-font-size-md)","--andm-font-size-md"
"src/styles/controls/select.css","@layer andm.components / .andm-select__native","line-height","var(--andm-line-height-tight)","--andm-line-height-tight"
"src/styles/controls/select.css","@layer andm.components / .andm-select__native","cursor","pointer",""
"src/styles/controls/select.css","@layer andm.components / .andm-select__native","transition","border-color var(--andm-motion-duration-short2)
        var(--andm-motion-easing-decelerate),
      background-color var(--andm-motion-duration-short2)
        var(--andm-motion-easing-decelerate),
      box-shadow var(--andm-motion-duration-short2)
        var(--andm-motion-easing-decelerate)","--andm-motion-duration-short2 --andm-motion-easing-decelerate"
"src/styles/controls/select.css","@layer andm.components / .andm-select__chevron","position","absolute",""
"src/styles/controls/select.css","@layer andm.components / .andm-select__chevron","top","50%",""
"src/styles/controls/select.css","@layer andm.components / .andm-select__chevron","right","var(--andm-field-padding-x, var(--andm-btn-padding-x-md))","--andm-field-padding-x --andm-btn-padding-x-md"
"src/styles/controls/select.css","@layer andm.components / .andm-select__chevron","width","var(--andm-space-2)","--andm-space-2"
"src/styles/controls/select.css","@layer andm.components / .andm-select__chevron","height","var(--andm-space-2)","--andm-space-2"
"src/styles/controls/select.css","@layer andm.components / .andm-select__chevron","margin-top","calc(var(--andm-space-1) * -1)","--andm-space-1"
"src/styles/controls/select.css","@layer andm.components / .andm-select__chevron","border-right","var(--andm-space-05) solid var(--andm-color-on-surface-variant)","--andm-space-05 --andm-color-on-surface-variant"
"src/styles/controls/select.css","@layer andm.components / .andm-select__chevron","border-bottom","var(--andm-space-05) solid var(--andm-color-on-surface-variant)","--andm-space-05 --andm-color-on-surface-variant"
"src/styles/controls/select.css","@layer andm.components / .andm-select__chevron","transform","rotate(45deg)",""
"src/styles/controls/select.css","@layer andm.components / .andm-select__chevron","pointer-events","none",""
"src/styles/controls/select.css","@layer andm.components / .andm-select__native:hover:not(:disabled):not([disabled]):not(:focus)","border-color","var(
      --andm-field-border-color-hover,
      var(--andm-color-on-surface)
    )","--andm-field-border-color-hover --andm-color-on-surface"
"src/styles/controls/select.css","@layer andm.components / .andm-select__native:focus","outline","none",""
"src/styles/controls/select.css","@layer andm.components / .andm-select__native:focus-visible","border-color","var(
      --andm-field-focus-border-color,
      var(--andm-color-primary)
    )","--andm-field-focus-border-color --andm-color-primary"
"src/styles/controls/select.css","@layer andm.components / .andm-select__native:focus-visible","outline","var(--andm-control-focus-width, var(--andm-focus-ring-width)) var(--andm-focus-ring-style)
      var(--andm-focus-ring-color)","--andm-control-focus-width --andm-focus-ring-width --andm-focus-ring-style --andm-focus-ring-color"
"src/styles/controls/select.css","@layer andm.components / .andm-select__native:focus-visible","outline-offset","var(--andm-control-focus-offset, var(--andm-focus-ring-offset))","--andm-control-focus-offset --andm-focus-ring-offset"
"src/styles/controls/select.css","@layer andm.components / .andm-select__native:focus-visible","box-shadow","var(--andm-control-focus-shadow, none)","--andm-control-focus-shadow"
"src/styles/controls/select.css","@layer andm.components / .andm-select__native:disabled,
  .andm-select__native[disabled]","cursor","not-allowed",""
"src/styles/controls/select.css","@layer andm.components / .andm-select__native:disabled,
  .andm-select__native[disabled]","background","var(--andm-color-disabled-container)","--andm-color-disabled-container"
"src/styles/controls/select.css","@layer andm.components / .andm-select__native:disabled,
  .andm-select__native[disabled]","color","var(--andm-color-on-disabled)","--andm-color-on-disabled"
"src/styles/controls/select.css","@layer andm.components / .andm-select__native:disabled,
  .andm-select__native[disabled]","border-color","var(--andm-color-disabled-outline)","--andm-color-disabled-outline"
"src/styles/controls/select.css","@layer andm.components / .andm-select__field:has(.andm-select__native:disabled) .andm-select__chevron,
  .andm-select__field:has(.andm-select__native[disabled]) .andm-select__chevron","border-color","var(--andm-color-on-disabled)","--andm-color-on-disabled"
"src/styles/controls/slider.css","@layer andm.components / .andm-slider","display","grid",""
"src/styles/controls/slider.css","@layer andm.components / .andm-slider","grid-template-columns","minmax(0, 1fr) auto",""
"src/styles/controls/slider.css","@layer andm.components / .andm-slider","align-items","center",""
"src/styles/controls/slider.css","@layer andm.components / .andm-slider","gap","var(--andm-space-1) var(--andm-space-3)","--andm-space-1 --andm-space-3"
"src/styles/controls/slider.css","@layer andm.components / .andm-slider","margin","0",""
"src/styles/controls/slider.css","@layer andm.components / .andm-slider","font-family","var(--andm-font-family)","--andm-font-family"
"src/styles/controls/slider.css","@layer andm.components / .andm-slider","color","var(--andm-color-on-surface)","--andm-color-on-surface"
"src/styles/controls/slider.css","@layer andm.components / .andm-slider__label,
  .andm-slider__value","font-size","var(--andm-font-size-sm)","--andm-font-size-sm"
"src/styles/controls/slider.css","@layer andm.components / .andm-slider__label,
  .andm-slider__value","font-weight","var(--andm-font-weight-medium)","--andm-font-weight-medium"
"src/styles/controls/slider.css","@layer andm.components / .andm-slider__label,
  .andm-slider__value","line-height","var(--andm-line-height-tight)","--andm-line-height-tight"
"src/styles/controls/slider.css","@layer andm.components / .andm-slider__value","font-variant-numeric","tabular-nums",""
"src/styles/controls/slider.css","@layer andm.components / .andm-slider__value","color","var(--andm-color-on-surface-variant)","--andm-color-on-surface-variant"
"src/styles/controls/slider.css","@layer andm.components / .andm-slider__input","appearance","none",""
"src/styles/controls/slider.css","@layer andm.components / .andm-slider__input","grid-column","1 / -1",""
"src/styles/controls/slider.css","@layer andm.components / .andm-slider__input","width","100%",""
"src/styles/controls/slider.css","@layer andm.components / .andm-slider__input","height","var(--andm-field-height, var(--andm-btn-height-md))","--andm-field-height --andm-btn-height-md"
"src/styles/controls/slider.css","@layer andm.components / .andm-slider__input","margin","0",""
"src/styles/controls/slider.css","@layer andm.components / .andm-slider__input","background","transparent",""
"src/styles/controls/slider.css","@layer andm.components / .andm-slider__input","cursor","pointer",""
"src/styles/controls/slider.css","@layer andm.components / .andm-slider__input:focus","outline","none",""
"src/styles/controls/slider.css","@layer andm.components / .andm-slider__input:focus-visible","outline","var(--andm-control-focus-width, var(--andm-focus-ring-width)) var(--andm-focus-ring-style)
      var(--andm-focus-ring-color)","--andm-control-focus-width --andm-focus-ring-width --andm-focus-ring-style --andm-focus-ring-color"
"src/styles/controls/slider.css","@layer andm.components / .andm-slider__input:focus-visible","outline-offset","var(--andm-control-focus-offset, var(--andm-focus-ring-offset))","--andm-control-focus-offset --andm-focus-ring-offset"
"src/styles/controls/slider.css","@layer andm.components / .andm-slider__input:focus-visible","box-shadow","var(--andm-control-focus-shadow, none)","--andm-control-focus-shadow"
"src/styles/controls/slider.css","@layer andm.components / .andm-slider__input::-webkit-slider-runnable-track","height","var(--andm-space-2)","--andm-space-2"
"src/styles/controls/slider.css","@layer andm.components / .andm-slider__input::-webkit-slider-runnable-track","border","0",""
"src/styles/controls/slider.css","@layer andm.components / .andm-slider__input::-webkit-slider-runnable-track","border-radius","var(--andm-radius-pill)","--andm-radius-pill"
"src/styles/controls/slider.css","@layer andm.components / .andm-slider__input::-webkit-slider-runnable-track","background","linear-gradient(
      to right,
      var(--andm-color-primary) var(--andm-slider-fill, 0%),
      color-mix(in srgb, var(--andm-color-on-surface) 24%, transparent)
        var(--andm-slider-fill, 0%)
    )","--andm-color-primary --andm-slider-fill --andm-color-on-surface"
"src/styles/controls/slider.css","@layer andm.components / .andm-slider__input::-webkit-slider-thumb","appearance","none",""
"src/styles/controls/slider.css","@layer andm.components / .andm-slider__input::-webkit-slider-thumb","width","var(--andm-space-5)","--andm-space-5"
"src/styles/controls/slider.css","@layer andm.components / .andm-slider__input::-webkit-slider-thumb","height","var(--andm-space-5)","--andm-space-5"
"src/styles/controls/slider.css","@layer andm.components / .andm-slider__input::-webkit-slider-thumb","margin-top","calc((var(--andm-space-2) - var(--andm-space-5)) / 2)","--andm-space-2 --andm-space-5"
"src/styles/controls/slider.css","@layer andm.components / .andm-slider__input::-webkit-slider-thumb","border","0",""
"src/styles/controls/slider.css","@layer andm.components / .andm-slider__input::-webkit-slider-thumb","border-radius","var(--andm-radius-pill)","--andm-radius-pill"
"src/styles/controls/slider.css","@layer andm.components / .andm-slider__input::-webkit-slider-thumb","background","var(--andm-color-primary)","--andm-color-primary"
"src/styles/controls/slider.css","@layer andm.components / .andm-slider__input::-webkit-slider-thumb","box-shadow","none",""
"src/styles/controls/slider.css","@layer andm.components / .andm-slider__input::-webkit-slider-thumb","transition","box-shadow var(--andm-motion-duration-short2)
        var(--andm-motion-easing-decelerate),
      transform var(--andm-motion-duration-short2)
        var(--andm-motion-easing-decelerate)","--andm-motion-duration-short2 --andm-motion-easing-decelerate"
"src/styles/controls/slider.css","@layer andm.components / .andm-slider__input:hover:not(:disabled)::-webkit-slider-thumb","box-shadow","var(--andm-shadow-1)","--andm-shadow-1"
"src/styles/controls/slider.css","@layer andm.components / .andm-slider__input:active:not(:disabled)::-webkit-slider-thumb","transform","scale(var(--andm-btn-press-scale))","--andm-btn-press-scale"
"src/styles/controls/slider.css","@layer andm.components / .andm-slider__input:active:not(:disabled)::-webkit-slider-thumb","transition","box-shadow var(--andm-motion-duration-short1)
        var(--andm-motion-easing-accelerate),
      transform var(--andm-motion-duration-short1)
        var(--andm-motion-easing-accelerate)","--andm-motion-duration-short1 --andm-motion-easing-accelerate"
"src/styles/controls/slider.css","@layer andm.components / .andm-slider__input::-moz-range-track","height","var(--andm-space-2)","--andm-space-2"
"src/styles/controls/slider.css","@layer andm.components / .andm-slider__input::-moz-range-track","border","0",""
"src/styles/controls/slider.css","@layer andm.components / .andm-slider__input::-moz-range-track","border-radius","var(--andm-radius-pill)","--andm-radius-pill"
"src/styles/controls/slider.css","@layer andm.components / .andm-slider__input::-moz-range-track","background","color-mix(in srgb, var(--andm-color-on-surface) 24%, transparent)","--andm-color-on-surface"
"src/styles/controls/slider.css","@layer andm.components / .andm-slider__input::-moz-range-progress","height","var(--andm-space-2)","--andm-space-2"
"src/styles/controls/slider.css","@layer andm.components / .andm-slider__input::-moz-range-progress","border","0",""
"src/styles/controls/slider.css","@layer andm.components / .andm-slider__input::-moz-range-progress","border-radius","var(--andm-radius-pill)","--andm-radius-pill"
"src/styles/controls/slider.css","@layer andm.components / .andm-slider__input::-moz-range-progress","background","var(--andm-color-primary)","--andm-color-primary"
"src/styles/controls/slider.css","@layer andm.components / .andm-slider__input::-moz-range-thumb","width","var(--andm-space-5)","--andm-space-5"
"src/styles/controls/slider.css","@layer andm.components / .andm-slider__input::-moz-range-thumb","height","var(--andm-space-5)","--andm-space-5"
"src/styles/controls/slider.css","@layer andm.components / .andm-slider__input::-moz-range-thumb","border","0",""
"src/styles/controls/slider.css","@layer andm.components / .andm-slider__input::-moz-range-thumb","border-radius","var(--andm-radius-pill)","--andm-radius-pill"
"src/styles/controls/slider.css","@layer andm.components / .andm-slider__input::-moz-range-thumb","background","var(--andm-color-primary)","--andm-color-primary"
"src/styles/controls/slider.css","@layer andm.components / .andm-slider__input::-moz-range-thumb","transition","box-shadow var(--andm-motion-duration-short2)
        var(--andm-motion-easing-decelerate),
      transform var(--andm-motion-duration-short2)
        var(--andm-motion-easing-decelerate)","--andm-motion-duration-short2 --andm-motion-easing-decelerate"
"src/styles/controls/slider.css","@layer andm.components / .andm-slider__input:hover:not(:disabled)::-moz-range-thumb","box-shadow","var(--andm-shadow-1)","--andm-shadow-1"
"src/styles/controls/slider.css","@layer andm.components / .andm-slider__input:active:not(:disabled)::-moz-range-thumb","transform","scale(var(--andm-btn-press-scale))","--andm-btn-press-scale"
"src/styles/controls/slider.css","@layer andm.components / .andm-slider__input:active:not(:disabled)::-moz-range-thumb","transition","box-shadow var(--andm-motion-duration-short1)
        var(--andm-motion-easing-accelerate),
      transform var(--andm-motion-duration-short1)
        var(--andm-motion-easing-accelerate)","--andm-motion-duration-short1 --andm-motion-easing-accelerate"
"src/styles/controls/slider.css","@layer andm.components / .andm-slider__input:disabled,
  .andm-slider__input[disabled]","cursor","not-allowed",""
"src/styles/controls/slider.css","@layer andm.components / .andm-slider__input:disabled::-webkit-slider-runnable-track,
  .andm-slider__input[disabled]::-webkit-slider-runnable-track","background","var(--andm-color-disabled-container)","--andm-color-disabled-container"
"src/styles/controls/slider.css","@layer andm.components / .andm-slider__input:disabled::-webkit-slider-thumb,
  .andm-slider__input[disabled]::-webkit-slider-thumb,
  .andm-slider__input:disabled::-moz-range-thumb,
  .andm-slider__input[disabled]::-moz-range-thumb","background","var(--andm-color-on-disabled)","--andm-color-on-disabled"
"src/styles/controls/slider.css","@layer andm.components / .andm-slider__input:disabled::-webkit-slider-thumb,
  .andm-slider__input[disabled]::-webkit-slider-thumb,
  .andm-slider__input:disabled::-moz-range-thumb,
  .andm-slider__input[disabled]::-moz-range-thumb","box-shadow","none",""
"src/styles/controls/slider.css","@layer andm.components / .andm-slider__input:disabled::-moz-range-progress,
  .andm-slider__input[disabled]::-moz-range-progress","background","var(--andm-color-disabled-outline)","--andm-color-disabled-outline"
"src/styles/controls/slider.css","@layer andm.components / .andm-slider:has(.andm-slider__input:disabled),
  .andm-slider:has(.andm-slider__input[disabled])","color","var(--andm-color-on-disabled)","--andm-color-on-disabled"
"src/styles/controls/slider.css","@layer andm.components / .andm-slider:has(.andm-slider__input:disabled) .andm-slider__value,
  .andm-slider:has(.andm-slider__input[disabled]) .andm-slider__value","color","var(--andm-color-on-disabled)","--andm-color-on-disabled"
"src/styles/controls/slider.css","@layer andm.components / @media (prefers-reduced-motion: reduce) / .andm-slider__input:active:not(:disabled)::-webkit-slider-thumb,
    .andm-slider__input:active:not(:disabled)::-moz-range-thumb","transform","none",""
"src/styles/controls/slider.css","@layer andm.components / @media (prefers-reduced-motion: reduce) / .andm-slider__input:active:not(:disabled)::-webkit-slider-thumb,
    .andm-slider__input:active:not(:disabled)::-moz-range-thumb","transition","box-shadow var(--andm-motion-duration-short1)
          var(--andm-motion-easing-accelerate)","--andm-motion-duration-short1 --andm-motion-easing-accelerate"
"src/styles/controls/switch.css","@layer andm.components / .andm-switch","display","inline-flex",""
"src/styles/controls/switch.css","@layer andm.components / .andm-switch","align-items","center",""
"src/styles/controls/switch.css","@layer andm.components / .andm-switch","gap","var(--andm-space-2)","--andm-space-2"
"src/styles/controls/switch.css","@layer andm.components / .andm-switch","margin","0",""
"src/styles/controls/switch.css","@layer andm.components / .andm-switch","font-family","var(--andm-font-family)","--andm-font-family"
"src/styles/controls/switch.css","@layer andm.components / .andm-switch","font-size","var(--andm-font-size-md)","--andm-font-size-md"
"src/styles/controls/switch.css","@layer andm.components / .andm-switch","line-height","var(--andm-line-height-tight)","--andm-line-height-tight"
"src/styles/controls/switch.css","@layer andm.components / .andm-switch","color","var(--andm-color-on-surface)","--andm-color-on-surface"
"src/styles/controls/switch.css","@layer andm.components / .andm-switch","cursor","pointer",""
"src/styles/controls/switch.css","@layer andm.components / .andm-switch","user-select","none",""
"src/styles/controls/switch.css","@layer andm.components / .andm-switch__input","appearance","none",""
"src/styles/controls/switch.css","@layer andm.components / .andm-switch__input","box-sizing","border-box",""
"src/styles/controls/switch.css","@layer andm.components / .andm-switch__input","position","relative",""
"src/styles/controls/switch.css","@layer andm.components / .andm-switch__input","flex-shrink","0",""
"src/styles/controls/switch.css","@layer andm.components / .andm-switch__input","width","var(--andm-switch-width, var(--andm-space-10))","--andm-switch-width --andm-space-10"
"src/styles/controls/switch.css","@layer andm.components / .andm-switch__input","height","var(--andm-switch-height, var(--andm-space-6))","--andm-switch-height --andm-space-6"
"src/styles/controls/switch.css","@layer andm.components / .andm-switch__input","margin","0",""
"src/styles/controls/switch.css","@layer andm.components / .andm-switch__input","border","0",""
"src/styles/controls/switch.css","@layer andm.components / .andm-switch__input","border-radius","var(--andm-radius-pill)","--andm-radius-pill"
"src/styles/controls/switch.css","@layer andm.components / .andm-switch__input","background","var(--andm-color-on-surface-variant)","--andm-color-on-surface-variant"
"src/styles/controls/switch.css","@layer andm.components / .andm-switch__input","cursor","inherit",""
"src/styles/controls/switch.css","@layer andm.components / .andm-switch__input","transition","background-color var(--andm-motion-duration-short3)
        var(--andm-motion-easing-standard),
      box-shadow var(--andm-motion-duration-short2)
        var(--andm-motion-easing-decelerate)","--andm-motion-duration-short3 --andm-motion-easing-standard --andm-motion-duration-short2 --andm-motion-easing-decelerate"
"src/styles/controls/switch.css","@layer andm.components / .andm-switch__input::after","content","""""",""
"src/styles/controls/switch.css","@layer andm.components / .andm-switch__input::after","position","absolute",""
"src/styles/controls/switch.css","@layer andm.components / .andm-switch__input::after","top","var(--andm-space-1)","--andm-space-1"
"src/styles/controls/switch.css","@layer andm.components / .andm-switch__input::after","left","var(--andm-space-1)","--andm-space-1"
"src/styles/controls/switch.css","@layer andm.components / .andm-switch__input::after","width","var(--andm-switch-thumb, var(--andm-space-4))","--andm-switch-thumb --andm-space-4"
"src/styles/controls/switch.css","@layer andm.components / .andm-switch__input::after","height","var(--andm-switch-thumb, var(--andm-space-4))","--andm-switch-thumb --andm-space-4"
"src/styles/controls/switch.css","@layer andm.components / .andm-switch__input::after","border-radius","var(--andm-radius-pill)","--andm-radius-pill"
"src/styles/controls/switch.css","@layer andm.components / .andm-switch__input::after","background","var(--andm-color-surface)","--andm-color-surface"
"src/styles/controls/switch.css","@layer andm.components / .andm-switch__input::after","transition","transform var(--andm-motion-duration-short3)
        var(--andm-motion-easing-standard),
      background-color var(--andm-motion-duration-short3)
        var(--andm-motion-easing-standard)","--andm-motion-duration-short3 --andm-motion-easing-standard"
"src/styles/controls/switch.css","@layer andm.components / .andm-switch__input:hover:not(:disabled):not([disabled])","box-shadow","inset 0 0 0 var(--andm-space-05) var(--andm-color-on-surface)","--andm-space-05 --andm-color-on-surface"
"src/styles/controls/switch.css","@layer andm.components / .andm-switch__input:checked","background","var(--andm-color-primary)","--andm-color-primary"
"src/styles/controls/switch.css","@layer andm.components / .andm-switch__input:checked::after","background","var(--andm-color-on-primary)","--andm-color-on-primary"
"src/styles/controls/switch.css","@layer andm.components / .andm-switch__input:checked::after","transform","translateX(var(--andm-space-4))","--andm-space-4"
"src/styles/controls/switch.css","@layer andm.components / .andm-switch__input:active:not(:disabled):not([disabled])","transition","background-color var(--andm-motion-duration-short1)
        var(--andm-motion-easing-accelerate),
      box-shadow var(--andm-motion-duration-short1)
        var(--andm-motion-easing-accelerate)","--andm-motion-duration-short1 --andm-motion-easing-accelerate"
"src/styles/controls/switch.css","@layer andm.components / .andm-switch__input:focus","outline","none",""
"src/styles/controls/switch.css","@layer andm.components / .andm-switch__input:focus-visible","outline","var(--andm-control-focus-width, var(--andm-focus-ring-width)) var(--andm-focus-ring-style)
      var(--andm-focus-ring-color)","--andm-control-focus-width --andm-focus-ring-width --andm-focus-ring-style --andm-focus-ring-color"
"src/styles/controls/switch.css","@layer andm.components / .andm-switch__input:focus-visible","outline-offset","var(--andm-control-focus-offset, var(--andm-focus-ring-offset))","--andm-control-focus-offset --andm-focus-ring-offset"
"src/styles/controls/switch.css","@layer andm.components / .andm-switch__input:focus-visible","box-shadow","var(--andm-control-focus-shadow, none)","--andm-control-focus-shadow"
"src/styles/controls/switch.css","@layer andm.components / .andm-switch__input:disabled,
  .andm-switch__input[disabled]","cursor","not-allowed",""
"src/styles/controls/switch.css","@layer andm.components / .andm-switch__input:disabled,
  .andm-switch__input[disabled]","background","var(--andm-color-disabled-container)","--andm-color-disabled-container"
"src/styles/controls/switch.css","@layer andm.components / .andm-switch__input:disabled::after,
  .andm-switch__input[disabled]::after","background","var(--andm-color-on-disabled)","--andm-color-on-disabled"
"src/styles/controls/switch.css","@layer andm.components / .andm-switch:has(.andm-switch__input:disabled),
  .andm-switch:has(.andm-switch__input[disabled])","cursor","not-allowed",""
"src/styles/controls/switch.css","@layer andm.components / .andm-switch:has(.andm-switch__input:disabled),
  .andm-switch:has(.andm-switch__input[disabled])","color","var(--andm-color-on-disabled)","--andm-color-on-disabled"
"src/styles/controls/switch.css","@layer andm.components / @media (prefers-reduced-motion: reduce) / .andm-switch__input::after","transition","background-color var(--andm-motion-duration-short3)
          var(--andm-motion-easing-standard)","--andm-motion-duration-short3 --andm-motion-easing-standard"
"src/styles/controls/textfield.css","@layer andm.components / .andm-textfield","min-width","0",""
"src/styles/controls/textfield.css","@layer andm.components / .andm-textfield","max-width","100%",""
"src/styles/controls/textfield.css","@layer andm.components / .andm-textfield","display","flex",""
"src/styles/controls/textfield.css","@layer andm.components / .andm-textfield","flex-direction","column",""
"src/styles/controls/textfield.css","@layer andm.components / .andm-textfield","align-items","stretch",""
"src/styles/controls/textfield.css","@layer andm.components / .andm-textfield","gap","var(--andm-space-1)","--andm-space-1"
"src/styles/controls/textfield.css","@layer andm.components / .andm-textfield","margin","0",""
"src/styles/controls/textfield.css","@layer andm.components / .andm-textfield","font-family","var(--andm-font-family)","--andm-font-family"
"src/styles/controls/textfield.css","@layer andm.components / .andm-textfield","color","var(--andm-color-on-surface)","--andm-color-on-surface"
"src/styles/controls/textfield.css","@layer andm.components / .andm-textfield__label","font-size","var(--andm-font-size-sm)","--andm-font-size-sm"
"src/styles/controls/textfield.css","@layer andm.components / .andm-textfield__label","font-weight","var(--andm-font-weight-medium)","--andm-font-weight-medium"
"src/styles/controls/textfield.css","@layer andm.components / .andm-textfield__label","line-height","var(--andm-line-height-tight)","--andm-line-height-tight"
"src/styles/controls/textfield.css","@layer andm.components / .andm-textfield__label","color","var(--andm-color-on-surface)","--andm-color-on-surface"
"src/styles/controls/textfield.css","@layer andm.components / .andm-textfield__input","appearance","none",""
"src/styles/controls/textfield.css","@layer andm.components / .andm-textfield__input","box-sizing","border-box",""
"src/styles/controls/textfield.css","@layer andm.components / .andm-textfield__input","width","100%",""
"src/styles/controls/textfield.css","@layer andm.components / .andm-textfield__input","min-width","0",""
"src/styles/controls/textfield.css","@layer andm.components / .andm-textfield__input","max-width","100%",""
"src/styles/controls/textfield.css","@layer andm.components / .andm-textfield__input","height","var(--andm-field-height, var(--andm-btn-height-md))","--andm-field-height --andm-btn-height-md"
"src/styles/controls/textfield.css","@layer andm.components / .andm-textfield__input","margin","0",""
"src/styles/controls/textfield.css","@layer andm.components / .andm-textfield__input","padding","0 var(--andm-field-padding-x, var(--andm-btn-padding-x-md))","--andm-field-padding-x --andm-btn-padding-x-md"
"src/styles/controls/textfield.css","@layer andm.components / .andm-textfield__input","border","var(--andm-field-border-width, 1px) solid
      var(--andm-field-border-color, var(--andm-color-on-surface-variant))","--andm-field-border-width --andm-field-border-color --andm-color-on-surface-variant"
"src/styles/controls/textfield.css","@layer andm.components / .andm-textfield__input","border-radius","var(--andm-field-radius, var(--andm-radius-md))","--andm-field-radius --andm-radius-md"
"src/styles/controls/textfield.css","@layer andm.components / .andm-textfield__input","background","var(--andm-color-surface)","--andm-color-surface"
"src/styles/controls/textfield.css","@layer andm.components / .andm-textfield__input","color","var(--andm-color-on-surface)","--andm-color-on-surface"
"src/styles/controls/textfield.css","@layer andm.components / .andm-textfield__input","font-family","inherit",""
"src/styles/controls/textfield.css","@layer andm.components / .andm-textfield__input","font-size","var(--andm-font-size-md)","--andm-font-size-md"
"src/styles/controls/textfield.css","@layer andm.components / .andm-textfield__input","line-height","var(--andm-line-height-tight)","--andm-line-height-tight"
"src/styles/controls/textfield.css","@layer andm.components / .andm-textfield__input","transition","border-color var(--andm-motion-duration-short2)
        var(--andm-motion-easing-decelerate),
      background-color var(--andm-motion-duration-short2)
        var(--andm-motion-easing-decelerate),
      box-shadow var(--andm-motion-duration-short2)
        var(--andm-motion-easing-decelerate)","--andm-motion-duration-short2 --andm-motion-easing-decelerate"
"src/styles/controls/textfield.css","@layer andm.components / .andm-textfield__input::placeholder","color","var(--andm-color-on-surface-variant)","--andm-color-on-surface-variant"
"src/styles/controls/textfield.css","@layer andm.components / .andm-textfield__input:hover:not(:disabled):not([disabled]):not(:focus)","border-color","var(
      --andm-field-border-color-hover,
      var(--andm-color-on-surface)
    )","--andm-field-border-color-hover --andm-color-on-surface"
"src/styles/controls/textfield.css","@layer andm.components / .andm-textfield__input:focus","outline","none",""
"src/styles/controls/textfield.css","@layer andm.components / .andm-textfield__input:focus-visible","border-color","var(
      --andm-field-focus-border-color,
      var(--andm-color-primary)
    )","--andm-field-focus-border-color --andm-color-primary"
"src/styles/controls/textfield.css","@layer andm.components / .andm-textfield__input:focus-visible","outline","var(--andm-control-focus-width, var(--andm-focus-ring-width)) var(--andm-focus-ring-style)
      var(--andm-focus-ring-color)","--andm-control-focus-width --andm-focus-ring-width --andm-focus-ring-style --andm-focus-ring-color"
"src/styles/controls/textfield.css","@layer andm.components / .andm-textfield__input:focus-visible","outline-offset","var(--andm-control-focus-offset, var(--andm-focus-ring-offset))","--andm-control-focus-offset --andm-focus-ring-offset"
"src/styles/controls/textfield.css","@layer andm.components / .andm-textfield__input:focus-visible","box-shadow","var(--andm-control-focus-shadow, none)","--andm-control-focus-shadow"
"src/styles/controls/textfield.css","@layer andm.components / .andm-textfield__input:disabled,
  .andm-textfield__input[disabled]","cursor","not-allowed",""
"src/styles/controls/textfield.css","@layer andm.components / .andm-textfield__input:disabled,
  .andm-textfield__input[disabled]","background","var(--andm-color-disabled-container)","--andm-color-disabled-container"
"src/styles/controls/textfield.css","@layer andm.components / .andm-textfield__input:disabled,
  .andm-textfield__input[disabled]","color","var(--andm-color-on-disabled)","--andm-color-on-disabled"
"src/styles/controls/textfield.css","@layer andm.components / .andm-textfield__input:disabled,
  .andm-textfield__input[disabled]","border-color","var(--andm-color-disabled-outline)","--andm-color-disabled-outline"
"src/styles/controls/textfield.css","@layer andm.components / .andm-textfield__helper,
  .andm-textfield__error","margin","0",""
"src/styles/controls/textfield.css","@layer andm.components / .andm-textfield__helper,
  .andm-textfield__error","font-size","var(--andm-font-size-sm)","--andm-font-size-sm"
"src/styles/controls/textfield.css","@layer andm.components / .andm-textfield__helper,
  .andm-textfield__error","line-height","var(--andm-line-height-tight)","--andm-line-height-tight"
"src/styles/controls/textfield.css","@layer andm.components / .andm-textfield__helper,
  .andm-textfield__error","color","var(--andm-color-on-surface-variant)","--andm-color-on-surface-variant"
"src/styles/controls/textfield.css","@layer andm.components / .andm-textfield__error","color","var(--andm-color-error)","--andm-color-error"
"src/styles/controls/textfield.css","@layer andm.components / .andm-textfield--error .andm-textfield__input","border-color","var(--andm-color-error)","--andm-color-error"
"src/styles/controls/textfield.css","@layer andm.components / .andm-textfield--error .andm-textfield__input:focus-visible","border-color","var(--andm-color-error)","--andm-color-error"
"src/styles/controls/textfield.css","@layer andm.components / .andm-textfield--error .andm-textfield__input:focus-visible","outline-color","var(--andm-color-error)","--andm-color-error"
"src/styles/controls/textfield.css","@layer andm.components / .andm-textfield--error .andm-textfield__label","color","var(--andm-color-error)","--andm-color-error"
"src/styles/controls/textfield.css","@layer andm.components / .andm-textfield--textarea .andm-textfield__input","height","auto",""
"src/styles/controls/textfield.css","@layer andm.components / .andm-textfield--textarea .andm-textfield__input","min-height","calc(
      var(--andm-field-height, var(--andm-btn-height-md)) * 2 +
        var(--andm-space-4)
    )","--andm-field-height --andm-btn-height-md --andm-space-4"
"src/styles/controls/textfield.css","@layer andm.components / .andm-textfield--textarea .andm-textfield__input","padding-block","var(--andm-space-2)","--andm-space-2"
"src/styles/controls/textfield.css","@layer andm.components / .andm-textfield--textarea .andm-textfield__input","resize","vertical",""
"src/styles/display/code.css","@layer andm.components / .andm-code","padding","0.1em 0.35em",""
"src/styles/display/code.css","@layer andm.components / .andm-code","border","1px solid var(--andm-color-outline-variant)","--andm-color-outline-variant"
"src/styles/display/code.css","@layer andm.components / .andm-code","border-radius","var(--andm-code-radius, var(--andm-radius-sm))","--andm-code-radius --andm-radius-sm"
"src/styles/display/code.css","@layer andm.components / .andm-code","background","var(--andm-color-surface)","--andm-color-surface"
"src/styles/display/code.css","@layer andm.components / .andm-code","color","var(--andm-color-on-surface)","--andm-color-on-surface"
"src/styles/display/code.css","@layer andm.components / .andm-code","overflow-wrap","anywhere",""
"src/styles/display/code.css","@layer andm.components / .andm-code","white-space","break-spaces",""
"src/styles/display/code.css","@layer andm.components / pre.andm-code","display","block",""
"src/styles/display/code.css","@layer andm.components / pre.andm-code","max-width","100%",""
"src/styles/display/code.css","@layer andm.components / pre.andm-code","margin","0",""
"src/styles/display/code.css","@layer andm.components / pre.andm-code","padding","var(--andm-space-3)","--andm-space-3"
"src/styles/display/code.css","@layer andm.components / pre.andm-code","overflow","auto",""
"src/styles/display/code.css","@layer andm.components / pre.andm-code","white-space","pre",""
"src/styles/display/code.css","@layer andm.components / pre.andm-code","overflow-wrap","normal",""
"src/styles/display/code.css","@layer andm.components / .andm-kbd","display","inline-block",""
"src/styles/display/code.css","@layer andm.components / .andm-kbd","padding","0.1em 0.4em",""
"src/styles/display/code.css","@layer andm.components / .andm-kbd","border","1px solid var(--andm-color-on-surface-variant)","--andm-color-on-surface-variant"
"src/styles/display/code.css","@layer andm.components / .andm-kbd","border-bottom-width","2px",""
"src/styles/display/code.css","@layer andm.components / .andm-kbd","border-radius","var(--andm-code-radius, var(--andm-radius-sm))","--andm-code-radius --andm-radius-sm"
"src/styles/display/code.css","@layer andm.components / .andm-kbd","background","var(--andm-color-surface)","--andm-color-surface"
"src/styles/display/code.css","@layer andm.components / .andm-kbd","color","var(--andm-color-on-surface)","--andm-color-on-surface"
"src/styles/display/field-text.css","@layer andm.components / .andm-label","display","inline-block",""
"src/styles/display/field-text.css","@layer andm.components / .andm-label","color","var(--andm-color-on-surface)","--andm-color-on-surface"
"src/styles/display/field-text.css","@layer andm.components / .andm-label","overflow-wrap","anywhere",""
"src/styles/display/field-text.css","@layer andm.components / .andm-helper, .andm-error","display","block",""
"src/styles/display/field-text.css","@layer andm.components / .andm-helper, .andm-error","margin","0",""
"src/styles/display/field-text.css","@layer andm.components / .andm-helper, .andm-error","overflow-wrap","anywhere",""
"src/styles/display/field-text.css","@layer andm.components / .andm-helper","color","var(--andm-color-on-surface-variant)","--andm-color-on-surface-variant"
"src/styles/display/field-text.css","@layer andm.components / .andm-error","color","var(--andm-color-error)","--andm-color-error"
"src/styles/display/field-text.css","@layer andm.components / .andm-required","display","inline-block",""
"src/styles/display/field-text.css","@layer andm.components / .andm-required","margin-inline-start","0.5em",""
"src/styles/display/field-text.css","@layer andm.components / .andm-required","color","var(--andm-color-error)","--andm-color-error"
"src/styles/display/field-text.css","@layer andm.components / .andm-required","font","inherit",""
"src/styles/display/field-text.css","@layer andm.components / .andm-required","font-weight","700",""
"src/styles/display/field-text.css","@layer andm.components / .andm-optional","display","inline-block",""
"src/styles/display/field-text.css","@layer andm.components / .andm-optional","margin-inline-start","0.5em",""
"src/styles/display/field-text.css","@layer andm.components / .andm-optional","color","var(--andm-color-on-surface-variant)","--andm-color-on-surface-variant"
"src/styles/display/field-text.css","@layer andm.components / .andm-optional","font","inherit",""
"src/styles/display/field-text.css","@layer andm.components / .andm-optional","font-weight","400",""
"src/styles/display/image.css","@layer andm.components / .andm-image","display","block",""
"src/styles/display/image.css","@layer andm.components / .andm-image","max-width","100%",""
"src/styles/display/image.css","@layer andm.components / .andm-image","height","auto",""
"src/styles/display/image.css","@layer andm.components / .andm-image","object-fit","var(--andm-image-fit, cover)","--andm-image-fit"
"src/styles/display/image.css","@layer andm.components / .andm-image","border-radius","var(--andm-surface-radius, var(--andm-radius-md))","--andm-surface-radius --andm-radius-md"
"src/styles/display/image.css","@layer andm.components / .andm-image--square","aspect-ratio","1",""
"src/styles/display/image.css","@layer andm.components / .andm-image--square","width","100%",""
"src/styles/display/image.css","@layer andm.components / .andm-image--wide","aspect-ratio","16 / 9",""
"src/styles/display/image.css","@layer andm.components / .andm-image--wide","width","100%",""
"src/styles/display/image.css","@layer andm.components / .andm-image--contain","--andm-image-fit","contain",""
"src/styles/display/table.css","@layer andm.components / .andm-table","width","100%",""
"src/styles/display/table.css","@layer andm.components / .andm-table","max-width","100%",""
"src/styles/display/table.css","@layer andm.components / .andm-table","border-collapse","collapse",""
"src/styles/display/table.css","@layer andm.components / .andm-table","font-family","var(--andm-font-family)","--andm-font-family"
"src/styles/display/table.css","@layer andm.components / .andm-table","font-size","var(--andm-font-size-md)","--andm-font-size-md"
"src/styles/display/table.css","@layer andm.components / .andm-table","line-height","var(--andm-line-height-tight)","--andm-line-height-tight"
"src/styles/display/table.css","@layer andm.components / .andm-table","color","var(--andm-color-on-surface)","--andm-color-on-surface"
"src/styles/display/table.css","@layer andm.components / .andm-table th,
  .andm-table td","padding","0 var(--andm-space-4)","--andm-space-4"
"src/styles/display/table.css","@layer andm.components / .andm-table th,
  .andm-table td","text-align","start",""
"src/styles/display/table.css","@layer andm.components / .andm-table th,
  .andm-table td","vertical-align","middle",""
"src/styles/display/table.css","@layer andm.components / .andm-table th,
  .andm-table td","border-bottom","1px solid var(--andm-color-outline-variant)","--andm-color-outline-variant"
"src/styles/display/table.css","@layer andm.components / .andm-table tr","height","var(--andm-btn-height-md)","--andm-btn-height-md"
"src/styles/display/table.css","@layer andm.components / .andm-table th","font-weight","var(
      --andm-table-header-weight,
      var(--andm-font-weight-medium)
    )","--andm-table-header-weight --andm-font-weight-medium"
"src/styles/display/table.css","@layer andm.components / .andm-table th","color","var(--andm-color-on-surface)","--andm-color-on-surface"
"src/styles/display/table.css","@layer andm.components / .andm-table th","background","var(--andm-color-surface)","--andm-color-surface"
"src/styles/display/table.css","@layer andm.components / .andm-table tbody tr","transition","background-color var(--andm-motion-duration-short2)
      var(--andm-motion-easing-decelerate)","--andm-motion-duration-short2 --andm-motion-easing-decelerate"
"src/styles/display/table.css","@layer andm.components / .andm-table tbody tr:hover","background","rgb(
      var(--andm-color-primary-rgb) / var(--andm-state-hover-opacity)
    )","--andm-color-primary-rgb --andm-state-hover-opacity"
"src/styles/display/table.css","@layer andm.components / .andm-table tbody tr:active","background","rgb(
      var(--andm-color-primary-rgb) / var(--andm-state-pressed-opacity)
    )","--andm-color-primary-rgb --andm-state-pressed-opacity"
"src/styles/display/table.css","@layer andm.components / .andm-table tbody tr:active","transition-duration","var(--andm-motion-duration-short1)","--andm-motion-duration-short1"
"src/styles/display/table.css","@layer andm.components / .andm-table tbody tr:active","transition-timing-function","var(--andm-motion-easing-accelerate)","--andm-motion-easing-accelerate"
"src/styles/display/typography.css","@layer andm.components / .andm-text,
  .andm-card__body,
  .andm-surface__body,
  .andm-dialog__body,
  .andm-drawer__body,
  .andm-popover__body,
  .andm-alert,
  .andm-toast,
  .andm-table,
  .andm-list,
  .andm-accordion__panel,
  .andm-tabs__panel,
  .andm-checkbox,
  .andm-radio,
  .andm-switch,
  .andm-textfield__input,
  .andm-select__native","font-family","var(--andm-type-body-font)","--andm-type-body-font"
"src/styles/display/typography.css","@layer andm.components / .andm-text,
  .andm-card__body,
  .andm-surface__body,
  .andm-dialog__body,
  .andm-drawer__body,
  .andm-popover__body,
  .andm-alert,
  .andm-toast,
  .andm-table,
  .andm-list,
  .andm-accordion__panel,
  .andm-tabs__panel,
  .andm-checkbox,
  .andm-radio,
  .andm-switch,
  .andm-textfield__input,
  .andm-select__native","font-size","var(--andm-type-body-size)","--andm-type-body-size"
"src/styles/display/typography.css","@layer andm.components / .andm-text,
  .andm-card__body,
  .andm-surface__body,
  .andm-dialog__body,
  .andm-drawer__body,
  .andm-popover__body,
  .andm-alert,
  .andm-toast,
  .andm-table,
  .andm-list,
  .andm-accordion__panel,
  .andm-tabs__panel,
  .andm-checkbox,
  .andm-radio,
  .andm-switch,
  .andm-textfield__input,
  .andm-select__native","line-height","var(--andm-type-body-line-height)","--andm-type-body-line-height"
"src/styles/display/typography.css","@layer andm.components / .andm-text,
  .andm-card__body,
  .andm-surface__body,
  .andm-dialog__body,
  .andm-drawer__body,
  .andm-popover__body,
  .andm-alert,
  .andm-toast,
  .andm-table,
  .andm-list,
  .andm-accordion__panel,
  .andm-tabs__panel,
  .andm-checkbox,
  .andm-radio,
  .andm-switch,
  .andm-textfield__input,
  .andm-select__native","font-weight","var(--andm-type-body-weight)","--andm-type-body-weight"
"src/styles/display/typography.css","@layer andm.components / .andm-text,
  .andm-card__body,
  .andm-surface__body,
  .andm-dialog__body,
  .andm-drawer__body,
  .andm-popover__body,
  .andm-alert,
  .andm-toast,
  .andm-table,
  .andm-list,
  .andm-accordion__panel,
  .andm-tabs__panel,
  .andm-checkbox,
  .andm-radio,
  .andm-switch,
  .andm-textfield__input,
  .andm-select__native","letter-spacing","var(--andm-type-body-tracking)","--andm-type-body-tracking"
"src/styles/display/typography.css","@layer andm.components / .andm-breadcrumb,
  .andm-text--small,
  .andm-list__meta","font-family","var(--andm-type-body-font)","--andm-type-body-font"
"src/styles/display/typography.css","@layer andm.components / .andm-breadcrumb,
  .andm-text--small,
  .andm-list__meta","font-size","var(--andm-type-body-small-size)","--andm-type-body-small-size"
"src/styles/display/typography.css","@layer andm.components / .andm-breadcrumb,
  .andm-text--small,
  .andm-list__meta","line-height","var(--andm-type-body-small-line-height)","--andm-type-body-small-line-height"
"src/styles/display/typography.css","@layer andm.components / .andm-breadcrumb,
  .andm-text--small,
  .andm-list__meta","font-weight","var(--andm-type-body-small-weight)","--andm-type-body-small-weight"
"src/styles/display/typography.css","@layer andm.components / .andm-breadcrumb,
  .andm-text--small,
  .andm-list__meta","letter-spacing","var(--andm-type-body-small-tracking)","--andm-type-body-small-tracking"
"src/styles/display/typography.css","@layer andm.components / .andm-text--display","font-family","var(--andm-type-heading-font)","--andm-type-heading-font"
"src/styles/display/typography.css","@layer andm.components / .andm-text--display","font-size","var(--andm-type-display-size)","--andm-type-display-size"
"src/styles/display/typography.css","@layer andm.components / .andm-text--display","line-height","var(--andm-type-display-line-height)","--andm-type-display-line-height"
"src/styles/display/typography.css","@layer andm.components / .andm-text--display","font-weight","var(--andm-type-display-weight)","--andm-type-display-weight"
"src/styles/display/typography.css","@layer andm.components / .andm-text--display","letter-spacing","var(--andm-type-display-tracking)","--andm-type-display-tracking"
"src/styles/display/typography.css","@layer andm.components / .andm-text--headline","font-family","var(--andm-type-heading-font)","--andm-type-heading-font"
"src/styles/display/typography.css","@layer andm.components / .andm-text--headline","font-size","var(--andm-type-headline-size)","--andm-type-headline-size"
"src/styles/display/typography.css","@layer andm.components / .andm-text--headline","line-height","var(--andm-type-headline-line-height)","--andm-type-headline-line-height"
"src/styles/display/typography.css","@layer andm.components / .andm-text--headline","font-weight","var(--andm-type-headline-weight)","--andm-type-headline-weight"
"src/styles/display/typography.css","@layer andm.components / .andm-text--headline","letter-spacing","var(--andm-type-headline-tracking)","--andm-type-headline-tracking"
"src/styles/display/typography.css","@layer andm.components / .andm-text--title,
  .andm-card__title,
  .andm-surface__title,
  .andm-dialog__title,
  .andm-drawer__title,
  .andm-popover__title","font-family","var(--andm-type-heading-font)","--andm-type-heading-font"
"src/styles/display/typography.css","@layer andm.components / .andm-text--title,
  .andm-card__title,
  .andm-surface__title,
  .andm-dialog__title,
  .andm-drawer__title,
  .andm-popover__title","font-size","var(--andm-type-title-size)","--andm-type-title-size"
"src/styles/display/typography.css","@layer andm.components / .andm-text--title,
  .andm-card__title,
  .andm-surface__title,
  .andm-dialog__title,
  .andm-drawer__title,
  .andm-popover__title","line-height","var(--andm-type-title-line-height)","--andm-type-title-line-height"
"src/styles/display/typography.css","@layer andm.components / .andm-text--title,
  .andm-card__title,
  .andm-surface__title,
  .andm-dialog__title,
  .andm-drawer__title,
  .andm-popover__title","font-weight","var(--andm-type-title-weight)","--andm-type-title-weight"
"src/styles/display/typography.css","@layer andm.components / .andm-text--title,
  .andm-card__title,
  .andm-surface__title,
  .andm-dialog__title,
  .andm-drawer__title,
  .andm-popover__title","letter-spacing","var(--andm-type-title-tracking)","--andm-type-title-tracking"
"src/styles/display/typography.css","@layer andm.components / .andm-text--label,
  .andm-label,
  .andm-textfield__label,
  .andm-select__label,
  .andm-radio-group__legend,
  .andm-slider__label,
  .andm-alert__title,
  .andm-toast__title,
  .andm-progress__label,
  .andm-accordion__summary,
  .andm-list__title","font-family","var(--andm-type-body-font)","--andm-type-body-font"
"src/styles/display/typography.css","@layer andm.components / .andm-text--label,
  .andm-label,
  .andm-textfield__label,
  .andm-select__label,
  .andm-radio-group__legend,
  .andm-slider__label,
  .andm-alert__title,
  .andm-toast__title,
  .andm-progress__label,
  .andm-accordion__summary,
  .andm-list__title","font-size","var(--andm-type-label-size)","--andm-type-label-size"
"src/styles/display/typography.css","@layer andm.components / .andm-text--label,
  .andm-label,
  .andm-textfield__label,
  .andm-select__label,
  .andm-radio-group__legend,
  .andm-slider__label,
  .andm-alert__title,
  .andm-toast__title,
  .andm-progress__label,
  .andm-accordion__summary,
  .andm-list__title","line-height","var(--andm-type-label-line-height)","--andm-type-label-line-height"
"src/styles/display/typography.css","@layer andm.components / .andm-text--label,
  .andm-label,
  .andm-textfield__label,
  .andm-select__label,
  .andm-radio-group__legend,
  .andm-slider__label,
  .andm-alert__title,
  .andm-toast__title,
  .andm-progress__label,
  .andm-accordion__summary,
  .andm-list__title","font-weight","var(--andm-type-label-weight)","--andm-type-label-weight"
"src/styles/display/typography.css","@layer andm.components / .andm-text--label,
  .andm-label,
  .andm-textfield__label,
  .andm-select__label,
  .andm-radio-group__legend,
  .andm-slider__label,
  .andm-alert__title,
  .andm-toast__title,
  .andm-progress__label,
  .andm-accordion__summary,
  .andm-list__title","letter-spacing","var(--andm-type-label-tracking)","--andm-type-label-tracking"
"src/styles/display/typography.css","@layer andm.components / .andm-text--caption,
  .andm-helper,
  .andm-error,
  .andm-textfield__helper,
  .andm-textfield__error,
  .andm-badge,
  .andm-tooltip__bubble,
  .andm-slider__value,
  .andm-progress__helper","font-family","var(--andm-type-body-font)","--andm-type-body-font"
"src/styles/display/typography.css","@layer andm.components / .andm-text--caption,
  .andm-helper,
  .andm-error,
  .andm-textfield__helper,
  .andm-textfield__error,
  .andm-badge,
  .andm-tooltip__bubble,
  .andm-slider__value,
  .andm-progress__helper","font-size","var(--andm-type-caption-size)","--andm-type-caption-size"
"src/styles/display/typography.css","@layer andm.components / .andm-text--caption,
  .andm-helper,
  .andm-error,
  .andm-textfield__helper,
  .andm-textfield__error,
  .andm-badge,
  .andm-tooltip__bubble,
  .andm-slider__value,
  .andm-progress__helper","line-height","var(--andm-type-caption-line-height)","--andm-type-caption-line-height"
"src/styles/display/typography.css","@layer andm.components / .andm-text--caption,
  .andm-helper,
  .andm-error,
  .andm-textfield__helper,
  .andm-textfield__error,
  .andm-badge,
  .andm-tooltip__bubble,
  .andm-slider__value,
  .andm-progress__helper","font-weight","var(--andm-type-caption-weight)","--andm-type-caption-weight"
"src/styles/display/typography.css","@layer andm.components / .andm-text--caption,
  .andm-helper,
  .andm-error,
  .andm-textfield__helper,
  .andm-textfield__error,
  .andm-badge,
  .andm-tooltip__bubble,
  .andm-slider__value,
  .andm-progress__helper","letter-spacing","var(--andm-type-caption-tracking)","--andm-type-caption-tracking"
"src/styles/display/typography.css","@layer andm.components / .andm-code,
  .andm-kbd","font-family","var(--andm-type-code-font)","--andm-type-code-font"
"src/styles/display/typography.css","@layer andm.components / .andm-code,
  .andm-kbd","font-size","var(--andm-type-code-size)","--andm-type-code-size"
"src/styles/display/typography.css","@layer andm.components / .andm-code,
  .andm-kbd","line-height","var(--andm-type-code-line-height)","--andm-type-code-line-height"
"src/styles/display/typography.css","@layer andm.components / .andm-code,
  .andm-kbd","font-weight","var(--andm-type-code-weight)","--andm-type-code-weight"
"src/styles/display/typography.css","@layer andm.components / .andm-code,
  .andm-kbd","letter-spacing","var(--andm-type-code-tracking)","--andm-type-code-tracking"
"src/styles/display/typography.css","@layer andm.components / .andm-btn,
  .andm-fab,
  .andm-chip,
  .andm-tabs__tab,
  .andm-menu__item,
  .andm-pagination__page,
  .andm-pagination__control,
  .andm-segmented__option","font-family","var(--andm-type-body-font)","--andm-type-body-font"
"src/styles/display/typography.css","@layer andm.components / .andm-btn,
  .andm-fab,
  .andm-chip,
  .andm-tabs__tab,
  .andm-menu__item,
  .andm-pagination__page,
  .andm-pagination__control,
  .andm-segmented__option","font-size","var(--andm-type-action-size)","--andm-type-action-size"
"src/styles/display/typography.css","@layer andm.components / .andm-btn,
  .andm-fab,
  .andm-chip,
  .andm-tabs__tab,
  .andm-menu__item,
  .andm-pagination__page,
  .andm-pagination__control,
  .andm-segmented__option","line-height","var(--andm-type-action-line-height)","--andm-type-action-line-height"
"src/styles/display/typography.css","@layer andm.components / .andm-btn,
  .andm-fab,
  .andm-chip,
  .andm-tabs__tab,
  .andm-menu__item,
  .andm-pagination__page,
  .andm-pagination__control,
  .andm-segmented__option","font-weight","var(--andm-type-action-weight)","--andm-type-action-weight"
"src/styles/display/typography.css","@layer andm.components / .andm-btn,
  .andm-fab,
  .andm-chip,
  .andm-tabs__tab,
  .andm-menu__item,
  .andm-pagination__page,
  .andm-pagination__control,
  .andm-segmented__option","letter-spacing","var(--andm-type-action-tracking)","--andm-type-action-tracking"
"src/styles/display/typography.css","@layer andm.components / .andm-text","margin","0",""
"src/styles/display/typography.css","@layer andm.components / .andm-text","color","var(--andm-color-on-surface)","--andm-color-on-surface"
"src/styles/display/typography.css","@layer andm.components / .andm-text","overflow-wrap","anywhere",""
"src/styles/display/typography.css","@layer andm.components / .andm-text--muted","color","var(--andm-color-on-surface-variant)","--andm-color-on-surface-variant"
"src/styles/display/typography.css","@layer andm.components / .andm-text--strong","font-weight","700",""
"src/styles/display/typography.css","@layer andm.components / .andm-btn--sm","font-size","var(--andm-font-size-sm)","--andm-font-size-sm"
"src/styles/display/typography.css","@layer andm.components / .andm-btn--lg","font-size","var(--andm-font-size-lg)","--andm-font-size-lg"
"src/styles/display/typography.css","@layer andm.components / .andm-textfield__input, .andm-select__native","min-height","max(var(--andm-field-height, var(--andm-btn-height-md)), calc(1em * var(--andm-field-line-height, var(--andm-type-body-line-height)) + 0.75rem))","--andm-field-height --andm-btn-height-md --andm-field-line-height --andm-type-body-line-height"
"src/styles/display/typography.css","@layer andm.components / .andm-textfield__input, .andm-select__native","height","auto",""
"src/styles/display/typography.css","@layer andm.components / .andm-textfield__input, .andm-select__native","padding-block","0.375rem",""
"src/styles/display/typography.css","@layer andm.components / .andm-textfield__input[aria-invalid=""true""], .andm-select__native[aria-invalid=""true""]","border-color","var(--andm-color-error)","--andm-color-error"
"src/styles/display/typography.css","@layer andm.components / .andm-textfield__input[type=""date""], .andm-textfield__input[type=""time""], .andm-textfield__input[type=""datetime-local""]","min-width","0",""
"src/styles/display/typography.css","@layer andm.components / .andm-textfield__input[type=""color""]","padding","0.25rem",""
"src/styles/display/typography.css","@layer andm.components / .andm-textfield__input[type=""color""]","cursor","pointer",""
"src/styles/display/typography.css","@layer andm.components / .andm-btn","min-height","max(var(--andm-btn-height-md), calc(1em * var(--andm-type-action-line-height) + 0.5rem))","--andm-btn-height-md --andm-type-action-line-height"
"src/styles/display/typography.css","@layer andm.components / .andm-btn","height","auto",""
"src/styles/display/typography.css","@layer andm.components / .andm-btn--sm","min-height","max(var(--andm-btn-height-sm), calc(1em * var(--andm-type-action-line-height) + 0.5rem))","--andm-btn-height-sm --andm-type-action-line-height"
"src/styles/display/typography.css","@layer andm.components / .andm-btn--lg","min-height","max(var(--andm-btn-height-lg), calc(1em * var(--andm-type-action-line-height) + 0.5rem))","--andm-btn-height-lg --andm-type-action-line-height"
"src/styles/display/typography.css","@layer andm.components / .andm-textfield__input, .andm-select__native","line-height","var(--andm-field-line-height, var(--andm-type-body-line-height))","--andm-field-line-height --andm-type-body-line-height"
"src/styles/display/typography.css","@layer andm.components / .andm-textfield, .andm-select","gap","var(--andm-field-gap, var(--andm-space-1))","--andm-field-gap --andm-space-1"
"src/styles/display/typography.css","@layer andm.components / .andm-textfield__helper, .andm-textfield__error","margin-block-start","calc(var(--andm-field-help-gap, var(--andm-space-1)) - var(--andm-field-gap, var(--andm-space-1)))","--andm-field-help-gap --andm-space-1 --andm-field-gap"
"src/styles/display/typography.css","@layer andm.components / .andm-btn","white-space","normal",""
"src/styles/display/typography.css","@layer andm.components / .andm-btn","overflow-wrap","anywhere",""
"src/styles/display/typography.css","@layer andm.components / .andm-btn","max-width","100%",""
"src/styles/display/typography.css","@layer andm.components / .andm-btn","padding-block",".25rem",""
"src/styles/display/typography.css","@layer andm.components / .andm-segmented__option, .andm-tabs__tab, .andm-menu__item","min-width","0",""
"src/styles/display/typography.css","@layer andm.components / .andm-segmented__option, .andm-tabs__tab, .andm-menu__item","overflow-wrap","anywhere",""
"src/styles/display/typography.css","@layer andm.components / .andm-segmented__option, .andm-tabs__tab, .andm-menu__item","padding-block",".25rem",""
"src/styles/display/typography.css","@layer andm.components / .andm-tabs__panel","outline-offset","var(--andm-focus-ring-offset)","--andm-focus-ring-offset"
"src/styles/feedback/alert.css","@layer andm.components / .andm-alert","display","flex",""
"src/styles/feedback/alert.css","@layer andm.components / .andm-alert","flex-direction","column",""
"src/styles/feedback/alert.css","@layer andm.components / .andm-alert","gap","var(--andm-space-1)","--andm-space-1"
"src/styles/feedback/alert.css","@layer andm.components / .andm-alert","margin","0",""
"src/styles/feedback/alert.css","@layer andm.components / .andm-alert","padding","var(--andm-alert-padding-y, var(--andm-space-3)) var(--andm-alert-padding-x, var(--andm-space-4))","--andm-alert-padding-y --andm-space-3 --andm-alert-padding-x --andm-space-4"
"src/styles/feedback/alert.css","@layer andm.components / .andm-alert","border","1px solid transparent",""
"src/styles/feedback/alert.css","@layer andm.components / .andm-alert","border-radius","var(--andm-alert-radius, var(--andm-radius-md))","--andm-alert-radius --andm-radius-md"
"src/styles/feedback/alert.css","@layer andm.components / .andm-alert","font-family","var(--andm-font-family)","--andm-font-family"
"src/styles/feedback/alert.css","@layer andm.components / .andm-alert","font-size","var(--andm-font-size-md)","--andm-font-size-md"
"src/styles/feedback/alert.css","@layer andm.components / .andm-alert","line-height","var(--andm-line-height-tight)","--andm-line-height-tight"
"src/styles/feedback/alert.css","@layer andm.components / .andm-alert","transition","background-color var(--andm-motion-duration-short3)
        var(--andm-motion-easing-standard),
      border-color var(--andm-motion-duration-short3)
        var(--andm-motion-easing-standard),
      color var(--andm-motion-duration-short3) var(--andm-motion-easing-standard)","--andm-motion-duration-short3 --andm-motion-easing-standard"
"src/styles/feedback/alert.css","@layer andm.components / .andm-alert__title","margin","0",""
"src/styles/feedback/alert.css","@layer andm.components / .andm-alert__title","font-size","var(--andm-font-size-md)","--andm-font-size-md"
"src/styles/feedback/alert.css","@layer andm.components / .andm-alert__title","font-weight","var(--andm-font-weight-medium)","--andm-font-weight-medium"
"src/styles/feedback/alert.css","@layer andm.components / .andm-alert__title","line-height","var(--andm-line-height-tight)","--andm-line-height-tight"
"src/styles/feedback/alert.css","@layer andm.components / .andm-alert__body","margin","0",""
"src/styles/feedback/alert.css","@layer andm.components / .andm-alert--info","background","var(--andm-color-secondary-container)","--andm-color-secondary-container"
"src/styles/feedback/alert.css","@layer andm.components / .andm-alert--info","border-color","var(--andm-color-primary)","--andm-color-primary"
"src/styles/feedback/alert.css","@layer andm.components / .andm-alert--info","color","var(--andm-color-on-secondary-container)","--andm-color-on-secondary-container"
"src/styles/feedback/alert.css","@layer andm.components / .andm-alert--success","background","var(--andm-color-success-container)","--andm-color-success-container"
"src/styles/feedback/alert.css","@layer andm.components / .andm-alert--success","border-color","var(--andm-color-success)","--andm-color-success"
"src/styles/feedback/alert.css","@layer andm.components / .andm-alert--success","color","var(--andm-color-on-success-container)","--andm-color-on-success-container"
"src/styles/feedback/alert.css","@layer andm.components / .andm-alert--warning","background","var(--andm-color-warning-container)","--andm-color-warning-container"
"src/styles/feedback/alert.css","@layer andm.components / .andm-alert--warning","border-color","var(--andm-color-warning)","--andm-color-warning"
"src/styles/feedback/alert.css","@layer andm.components / .andm-alert--warning","color","var(--andm-color-on-warning-container)","--andm-color-on-warning-container"
"src/styles/feedback/alert.css","@layer andm.components / .andm-alert--error","background","var(--andm-color-error-container)","--andm-color-error-container"
"src/styles/feedback/alert.css","@layer andm.components / .andm-alert--error","border-color","var(--andm-color-error)","--andm-color-error"
"src/styles/feedback/alert.css","@layer andm.components / .andm-alert--error","color","var(--andm-color-on-error-container)","--andm-color-on-error-container"
"src/styles/feedback/progress.css","@layer andm.components / .andm-progress","--andm-progress-thickness","var(--andm-space-1)","--andm-space-1"
"src/styles/feedback/progress.css","@layer andm.components / .andm-progress","display","grid",""
"src/styles/feedback/progress.css","@layer andm.components / .andm-progress","gap","var(--andm-space-2)","--andm-space-2"
"src/styles/feedback/progress.css","@layer andm.components / .andm-progress","font-family","var(--andm-font-family)","--andm-font-family"
"src/styles/feedback/progress.css","@layer andm.components / .andm-progress","font-size","var(--andm-font-size-md)","--andm-font-size-md"
"src/styles/feedback/progress.css","@layer andm.components / .andm-progress","font-weight","var(--andm-font-weight-medium)","--andm-font-weight-medium"
"src/styles/feedback/progress.css","@layer andm.components / .andm-progress","line-height","var(--andm-line-height-tight)","--andm-line-height-tight"
"src/styles/feedback/progress.css","@layer andm.components / .andm-progress","color","var(--andm-color-on-surface)","--andm-color-on-surface"
"src/styles/feedback/progress.css","@layer andm.components / .andm-progress__label","font-size","var(--andm-font-size-md)","--andm-font-size-md"
"src/styles/feedback/progress.css","@layer andm.components / .andm-progress__helper","color","var(--andm-color-on-surface-variant)","--andm-color-on-surface-variant"
"src/styles/feedback/progress.css","@layer andm.components / .andm-progress__helper","font-size","var(--andm-font-size-sm)","--andm-font-size-sm"
"src/styles/feedback/progress.css","@layer andm.components / .andm-progress__track","display","block",""
"src/styles/feedback/progress.css","@layer andm.components / .andm-progress__track","height","var(--andm-progress-thickness)","--andm-progress-thickness"
"src/styles/feedback/progress.css","@layer andm.components / .andm-progress__track","overflow","hidden",""
"src/styles/feedback/progress.css","@layer andm.components / .andm-progress__track","border-radius","var(--andm-radius-pill)","--andm-radius-pill"
"src/styles/feedback/progress.css","@layer andm.components / .andm-progress__track","background","var(--andm-color-secondary-container)","--andm-color-secondary-container"
"src/styles/feedback/progress.css","@layer andm.components / .andm-progress__bar","display","block",""
"src/styles/feedback/progress.css","@layer andm.components / .andm-progress__bar","height","100%",""
"src/styles/feedback/progress.css","@layer andm.components / .andm-progress__bar","width","var(--andm-progress-value, 0%)","--andm-progress-value"
"src/styles/feedback/progress.css","@layer andm.components / .andm-progress__bar","border-radius","inherit",""
"src/styles/feedback/progress.css","@layer andm.components / .andm-progress__bar","background","var(--andm-color-primary)","--andm-color-primary"
"src/styles/feedback/progress.css","@layer andm.components / .andm-progress__bar","transition","width var(--andm-motion-duration-short3)
      var(--andm-motion-easing-standard)","--andm-motion-duration-short3 --andm-motion-easing-standard"
"src/styles/feedback/progress.css","@layer andm.components / @media (prefers-reduced-motion: reduce) / .andm-progress__bar","transition","none",""
"src/styles/feedback/skeleton.css","@layer andm.components / .andm-skeleton","display","block",""
"src/styles/feedback/skeleton.css","@layer andm.components / .andm-skeleton","box-sizing","border-box",""
"src/styles/feedback/skeleton.css","@layer andm.components / .andm-skeleton","width","100%",""
"src/styles/feedback/skeleton.css","@layer andm.components / .andm-skeleton","height","var(--andm-space-4)","--andm-space-4"
"src/styles/feedback/skeleton.css","@layer andm.components / .andm-skeleton","border","0",""
"src/styles/feedback/skeleton.css","@layer andm.components / .andm-skeleton","border-radius","0",""
"src/styles/feedback/skeleton.css","@layer andm.components / .andm-skeleton","background","var(--andm-color-disabled-container)","--andm-color-disabled-container"
"src/styles/feedback/skeleton.css","@layer andm.components / .andm-skeleton","box-shadow","none",""
"src/styles/feedback/skeleton.css","@layer andm.components / .andm-skeleton--block","height","var(--andm-space-10)","--andm-space-10"
"src/styles/feedback/skeleton.css","@layer andm.components / .andm-skeleton--avatar","width","var(--andm-space-10)","--andm-space-10"
"src/styles/feedback/skeleton.css","@layer andm.components / .andm-skeleton--avatar","height","var(--andm-space-10)","--andm-space-10"
"src/styles/feedback/skeleton.css","@layer andm.components / .andm-skeleton--avatar","border-radius","var(--andm-radius-pill)","--andm-radius-pill"
"src/styles/feedback/toast.css","@layer andm.components / .andm-toast-region","display","flex",""
"src/styles/feedback/toast.css","@layer andm.components / .andm-toast-region","flex-direction","column",""
"src/styles/feedback/toast.css","@layer andm.components / .andm-toast-region","align-items","stretch",""
"src/styles/feedback/toast.css","@layer andm.components / .andm-toast-region","gap","var(--andm-space-2)","--andm-space-2"
"src/styles/feedback/toast.css","@layer andm.components / .andm-toast-region","margin","0",""
"src/styles/feedback/toast.css","@layer andm.components / .andm-toast-region","min-height","var(--andm-space-16)","--andm-space-16"
"src/styles/feedback/toast.css","@layer andm.components / .andm-toast","display","flex",""
"src/styles/feedback/toast.css","@layer andm.components / .andm-toast","align-items","flex-start",""
"src/styles/feedback/toast.css","@layer andm.components / .andm-toast","justify-content","space-between",""
"src/styles/feedback/toast.css","@layer andm.components / .andm-toast","gap","var(--andm-space-3)","--andm-space-3"
"src/styles/feedback/toast.css","@layer andm.components / .andm-toast","margin","0",""
"src/styles/feedback/toast.css","@layer andm.components / .andm-toast","padding","var(--andm-space-3) var(--andm-space-4)","--andm-space-3 --andm-space-4"
"src/styles/feedback/toast.css","@layer andm.components / .andm-toast","border","1px solid transparent",""
"src/styles/feedback/toast.css","@layer andm.components / .andm-toast","border-radius","var(--andm-toast-radius, var(--andm-radius-md))","--andm-toast-radius --andm-radius-md"
"src/styles/feedback/toast.css","@layer andm.components / .andm-toast","background","var(--andm-color-surface)","--andm-color-surface"
"src/styles/feedback/toast.css","@layer andm.components / .andm-toast","color","var(--andm-color-on-surface)","--andm-color-on-surface"
"src/styles/feedback/toast.css","@layer andm.components / .andm-toast","box-shadow","var(--andm-shadow-2)","--andm-shadow-2"
"src/styles/feedback/toast.css","@layer andm.components / .andm-toast","font-family","var(--andm-font-family)","--andm-font-family"
"src/styles/feedback/toast.css","@layer andm.components / .andm-toast","font-size","var(--andm-font-size-md)","--andm-font-size-md"
"src/styles/feedback/toast.css","@layer andm.components / .andm-toast","line-height","var(--andm-line-height-tight)","--andm-line-height-tight"
"src/styles/feedback/toast.css","@layer andm.components / .andm-toast","transition","transform var(--andm-toast-enter-duration, var(--andm-motion-duration-short4))
        var(--andm-toast-enter-easing, var(--andm-motion-easing-standard)),
      opacity var(--andm-toast-enter-duration, var(--andm-motion-duration-short4))
        var(--andm-toast-enter-easing, var(--andm-motion-easing-standard)),
      background-color var(--andm-motion-duration-short3)
        var(--andm-motion-easing-standard),
      border-color var(--andm-motion-duration-short3)
        var(--andm-motion-easing-standard),
      color var(--andm-motion-duration-short3) var(--andm-motion-easing-standard)","--andm-toast-enter-duration --andm-motion-duration-short4 --andm-toast-enter-easing --andm-motion-easing-standard --andm-motion-duration-short3"
"src/styles/feedback/toast.css","@layer andm.components / .andm-toast.is-dismissed","opacity","0",""
"src/styles/feedback/toast.css","@layer andm.components / .andm-toast.is-dismissed","transform","translateY(var(--andm-space-2))","--andm-space-2"
"src/styles/feedback/toast.css","@layer andm.components / .andm-toast.is-dismissed","pointer-events","none",""
"src/styles/feedback/toast.css","@layer andm.components / .andm-toast__text","display","flex",""
"src/styles/feedback/toast.css","@layer andm.components / .andm-toast__text","flex-direction","column",""
"src/styles/feedback/toast.css","@layer andm.components / .andm-toast__text","gap","var(--andm-space-1)","--andm-space-1"
"src/styles/feedback/toast.css","@layer andm.components / .andm-toast__text","min-width","0",""
"src/styles/feedback/toast.css","@layer andm.components / .andm-toast__title","margin","0",""
"src/styles/feedback/toast.css","@layer andm.components / .andm-toast__title","font-size","var(--andm-font-size-md)","--andm-font-size-md"
"src/styles/feedback/toast.css","@layer andm.components / .andm-toast__title","font-weight","var(--andm-font-weight-medium)","--andm-font-weight-medium"
"src/styles/feedback/toast.css","@layer andm.components / .andm-toast__title","line-height","var(--andm-line-height-tight)","--andm-line-height-tight"
"src/styles/feedback/toast.css","@layer andm.components / .andm-toast__body","margin","0",""
"src/styles/feedback/toast.css","@layer andm.components / .andm-toast__body","color","inherit",""
"src/styles/feedback/toast.css","@layer andm.components / .andm-toast--info","background","var(--andm-color-secondary-container)","--andm-color-secondary-container"
"src/styles/feedback/toast.css","@layer andm.components / .andm-toast--info","border-color","var(--andm-color-primary)","--andm-color-primary"
"src/styles/feedback/toast.css","@layer andm.components / .andm-toast--info","color","var(--andm-color-on-secondary-container)","--andm-color-on-secondary-container"
"src/styles/feedback/toast.css","@layer andm.components / .andm-toast--success","background","var(--andm-color-success-container)","--andm-color-success-container"
"src/styles/feedback/toast.css","@layer andm.components / .andm-toast--success","border-color","var(--andm-color-success)","--andm-color-success"
"src/styles/feedback/toast.css","@layer andm.components / .andm-toast--success","color","var(--andm-color-on-success-container)","--andm-color-on-success-container"
"src/styles/feedback/toast.css","@layer andm.components / .andm-toast--warning","background","var(--andm-color-warning-container)","--andm-color-warning-container"
"src/styles/feedback/toast.css","@layer andm.components / .andm-toast--warning","border-color","var(--andm-color-warning)","--andm-color-warning"
"src/styles/feedback/toast.css","@layer andm.components / .andm-toast--warning","color","var(--andm-color-on-warning-container)","--andm-color-on-warning-container"
"src/styles/feedback/toast.css","@layer andm.components / .andm-toast--error","background","var(--andm-color-error-container)","--andm-color-error-container"
"src/styles/feedback/toast.css","@layer andm.components / .andm-toast--error","border-color","var(--andm-color-error)","--andm-color-error"
"src/styles/feedback/toast.css","@layer andm.components / .andm-toast--error","color","var(--andm-color-on-error-container)","--andm-color-on-error-container"
"src/styles/feedback/toast.css","@layer andm.components / @media (prefers-reduced-motion: reduce) / .andm-toast,
    .andm-toast.is-dismissed","transform","none",""
"src/styles/feedback/toast.css","@layer andm.components / @media (prefers-reduced-motion: reduce) / .andm-toast,
    .andm-toast.is-dismissed","transition","opacity var(--andm-motion-duration-short3)
          var(--andm-motion-easing-standard),
        background-color var(--andm-motion-duration-short3)
          var(--andm-motion-easing-standard),
        border-color var(--andm-motion-duration-short3)
          var(--andm-motion-easing-standard),
        color var(--andm-motion-duration-short3) var(--andm-motion-easing-standard)","--andm-motion-duration-short3 --andm-motion-easing-standard"
"src/styles/marks/avatar.css","@layer andm.components / .andm-avatar","display","inline-flex",""
"src/styles/marks/avatar.css","@layer andm.components / .andm-avatar","align-items","center",""
"src/styles/marks/avatar.css","@layer andm.components / .andm-avatar","justify-content","center",""
"src/styles/marks/avatar.css","@layer andm.components / .andm-avatar","box-sizing","border-box",""
"src/styles/marks/avatar.css","@layer andm.components / .andm-avatar","width","var(--andm-space-10)","--andm-space-10"
"src/styles/marks/avatar.css","@layer andm.components / .andm-avatar","height","var(--andm-space-10)","--andm-space-10"
"src/styles/marks/avatar.css","@layer andm.components / .andm-avatar","overflow","hidden",""
"src/styles/marks/avatar.css","@layer andm.components / .andm-avatar","border-radius","var(--andm-radius-pill)","--andm-radius-pill"
"src/styles/marks/avatar.css","@layer andm.components / .andm-avatar","background","var(--andm-color-secondary-container)","--andm-color-secondary-container"
"src/styles/marks/avatar.css","@layer andm.components / .andm-avatar","color","var(--andm-color-on-secondary-container)","--andm-color-on-secondary-container"
"src/styles/marks/avatar.css","@layer andm.components / .andm-avatar","font-family","var(--andm-font-family)","--andm-font-family"
"src/styles/marks/avatar.css","@layer andm.components / .andm-avatar","font-size","var(--andm-font-size-sm)","--andm-font-size-sm"
"src/styles/marks/avatar.css","@layer andm.components / .andm-avatar","font-weight","var(--andm-font-weight-medium)","--andm-font-weight-medium"
"src/styles/marks/avatar.css","@layer andm.components / .andm-avatar","line-height","var(--andm-line-height-tight)","--andm-line-height-tight"
"src/styles/marks/avatar.css","@layer andm.components / .andm-avatar","vertical-align","middle",""
"src/styles/marks/avatar.css","@layer andm.components / .andm-avatar img","width","100%",""
"src/styles/marks/avatar.css","@layer andm.components / .andm-avatar img","height","100%",""
"src/styles/marks/avatar.css","@layer andm.components / .andm-avatar img","object-fit","cover",""
"src/styles/marks/badge.css","@layer andm.components / .andm-badge","display","inline-flex",""
"src/styles/marks/badge.css","@layer andm.components / .andm-badge","align-items","center",""
"src/styles/marks/badge.css","@layer andm.components / .andm-badge","justify-content","center",""
"src/styles/marks/badge.css","@layer andm.components / .andm-badge","gap","var(--andm-space-1)","--andm-space-1"
"src/styles/marks/badge.css","@layer andm.components / .andm-badge","min-height","var(--andm-space-5)","--andm-space-5"
"src/styles/marks/badge.css","@layer andm.components / .andm-badge","padding","0 var(--andm-space-2)","--andm-space-2"
"src/styles/marks/badge.css","@layer andm.components / .andm-badge","border-radius","var(--andm-badge-radius, var(--andm-radius-sm))","--andm-badge-radius --andm-radius-sm"
"src/styles/marks/badge.css","@layer andm.components / .andm-badge","font-family","var(--andm-font-family)","--andm-font-family"
"src/styles/marks/badge.css","@layer andm.components / .andm-badge","font-size","var(--andm-font-size-sm)","--andm-font-size-sm"
"src/styles/marks/badge.css","@layer andm.components / .andm-badge","font-weight","var(--andm-font-weight-medium)","--andm-font-weight-medium"
"src/styles/marks/badge.css","@layer andm.components / .andm-badge","line-height","var(--andm-line-height-tight)","--andm-line-height-tight"
"src/styles/marks/badge.css","@layer andm.components / .andm-badge","white-space","nowrap",""
"src/styles/marks/badge.css","@layer andm.components / .andm-badge","background","var(--andm-color-secondary-container)","--andm-color-secondary-container"
"src/styles/marks/badge.css","@layer andm.components / .andm-badge","color","var(--andm-color-on-secondary-container)","--andm-color-on-secondary-container"
"src/styles/marks/badge.css","@layer andm.components / .andm-badge--info","background","var(--andm-color-secondary-container)","--andm-color-secondary-container"
"src/styles/marks/badge.css","@layer andm.components / .andm-badge--info","color","var(--andm-color-on-secondary-container)","--andm-color-on-secondary-container"
"src/styles/marks/badge.css","@layer andm.components / .andm-badge--success","background","var(--andm-color-success-container)","--andm-color-success-container"
"src/styles/marks/badge.css","@layer andm.components / .andm-badge--success","color","var(--andm-color-on-success-container)","--andm-color-on-success-container"
"src/styles/marks/badge.css","@layer andm.components / .andm-badge--warning","background","var(--andm-color-warning-container)","--andm-color-warning-container"
"src/styles/marks/badge.css","@layer andm.components / .andm-badge--warning","color","var(--andm-color-on-warning-container)","--andm-color-on-warning-container"
"src/styles/marks/badge.css","@layer andm.components / .andm-badge--error","background","var(--andm-color-error-container)","--andm-color-error-container"
"src/styles/marks/badge.css","@layer andm.components / .andm-badge--error","color","var(--andm-color-on-error-container)","--andm-color-on-error-container"
"src/styles/marks/badge.css","@layer andm.components / .andm-badge--outline","background","transparent",""
"src/styles/marks/badge.css","@layer andm.components / .andm-badge--outline","color","var(--andm-color-on-surface)","--andm-color-on-surface"
"src/styles/marks/badge.css","@layer andm.components / .andm-badge--outline","box-shadow","inset 0 0 0 1px var(--andm-color-on-surface-variant)","--andm-color-on-surface-variant"
"src/styles/marks/divider.css","@layer andm.components / .andm-divider","display","block",""
"src/styles/marks/divider.css","@layer andm.components / .andm-divider","width","100%",""
"src/styles/marks/divider.css","@layer andm.components / .andm-divider","height","0",""
"src/styles/marks/divider.css","@layer andm.components / .andm-divider","margin","var(--andm-space-4) 0","--andm-space-4"
"src/styles/marks/divider.css","@layer andm.components / .andm-divider","border","0",""
"src/styles/marks/divider.css","@layer andm.components / .andm-divider","border-top","1px solid
      var(
        --andm-divider-color,
        color-mix(in srgb, var(--andm-color-on-surface) 24%, transparent)
      )","--andm-divider-color --andm-color-on-surface"
"src/styles/marks/divider.css","@layer andm.components / .andm-divider","background","transparent",""
"src/styles/marks/divider.css","@layer andm.components / .andm-divider--inset","margin-inline","var(--andm-space-4)","--andm-space-4"
"src/styles/marks/divider.css","@layer andm.components / .andm-divider--inset","width","auto",""
"src/styles/marks/divider.css","@layer andm.components / .andm-divider--vertical","display","inline-block",""
"src/styles/marks/divider.css","@layer andm.components / .andm-divider--vertical","width","0",""
"src/styles/marks/divider.css","@layer andm.components / .andm-divider--vertical","height","var(--andm-space-6)","--andm-space-6"
"src/styles/marks/divider.css","@layer andm.components / .andm-divider--vertical","margin","0 var(--andm-space-3)","--andm-space-3"
"src/styles/marks/divider.css","@layer andm.components / .andm-divider--vertical","border","0",""
"src/styles/marks/divider.css","@layer andm.components / .andm-divider--vertical","border-left","1px solid
      var(
        --andm-divider-color,
        color-mix(in srgb, var(--andm-color-on-surface) 24%, transparent)
      )","--andm-divider-color --andm-color-on-surface"
"src/styles/marks/divider.css","@layer andm.components / .andm-divider--vertical","vertical-align","middle",""
"src/styles/marks/icon.css","@layer andm.components / .andm-icon","display","inline-block",""
"src/styles/marks/icon.css","@layer andm.components / .andm-icon","width","var(--andm-icon-size)","--andm-icon-size"
"src/styles/marks/icon.css","@layer andm.components / .andm-icon","height","var(--andm-icon-size)","--andm-icon-size"
"src/styles/marks/icon.css","@layer andm.components / .andm-icon","flex","0 0 auto",""
"src/styles/marks/icon.css","@layer andm.components / .andm-icon","vertical-align","-0.15em",""
"src/styles/marks/icon.css","@layer andm.components / .andm-icon","fill","none",""
"src/styles/marks/icon.css","@layer andm.components / .andm-icon","stroke","currentColor",""
"src/styles/marks/icon.css","@layer andm.components / .andm-icon","stroke-width","var(--andm-icon-stroke)","--andm-icon-stroke"
"src/styles/marks/icon.css","@layer andm.components / .andm-icon","stroke-linecap","round",""
"src/styles/marks/icon.css","@layer andm.components / .andm-icon","stroke-linejoin","round",""
"src/styles/marks/icon.css","@layer andm.components / .andm-icon--sm","--andm-icon-size","1rem",""
"src/styles/marks/icon.css","@layer andm.components / .andm-icon--lg","--andm-icon-size","1.5rem",""
"src/styles/marks/icon.css","@layer andm.components / .andm-icon--filled","fill","currentColor",""
"src/styles/marks/icon.css","@layer andm.components / .andm-icon--filled","stroke","none",""
"src/styles/marks/spinner.css","@layer andm.components / .andm-spinner","display","inline-block",""
"src/styles/marks/spinner.css","@layer andm.components / .andm-spinner","box-sizing","border-box",""
"src/styles/marks/spinner.css","@layer andm.components / .andm-spinner","width","var(--andm-space-4)","--andm-space-4"
"src/styles/marks/spinner.css","@layer andm.components / .andm-spinner","height","var(--andm-space-4)","--andm-space-4"
"src/styles/marks/spinner.css","@layer andm.components / .andm-spinner","border","2px solid var(--andm-color-secondary-container)","--andm-color-secondary-container"
"src/styles/marks/spinner.css","@layer andm.components / .andm-spinner","border-top-color","var(--andm-color-primary)","--andm-color-primary"
"src/styles/marks/spinner.css","@layer andm.components / .andm-spinner","border-radius","var(--andm-radius-pill)","--andm-radius-pill"
"src/styles/marks/spinner.css","@layer andm.components / .andm-spinner","vertical-align","middle",""
"src/styles/marks/spinner.css","@layer andm.components / .andm-spinner","animation","andm-spinner-rotate var(--andm-spinner-duration, 800ms) linear infinite","--andm-spinner-duration"
"src/styles/marks/spinner.css","@layer andm.components / @keyframes andm-spinner-rotate / to","transform","rotate(360deg)",""
"src/styles/marks/spinner.css","@layer andm.components / @media (prefers-reduced-motion: reduce) / .andm-spinner","animation","none",""
"src/styles/marks/status.css","@layer andm.components / .andm-status","display","inline-flex",""
"src/styles/marks/status.css","@layer andm.components / .andm-status","align-items","baseline",""
"src/styles/marks/status.css","@layer andm.components / .andm-status","gap","var(--andm-space-2)","--andm-space-2"
"src/styles/marks/status.css","@layer andm.components / .andm-status","font-family","var(--andm-type-body-font)","--andm-type-body-font"
"src/styles/marks/status.css","@layer andm.components / .andm-status","font-size","var(--andm-type-body-small-size)","--andm-type-body-small-size"
"src/styles/marks/status.css","@layer andm.components / .andm-status","line-height","var(--andm-type-body-small-line-height)","--andm-type-body-small-line-height"
"src/styles/marks/status.css","@layer andm.components / .andm-status","color","var(--andm-color-on-surface)","--andm-color-on-surface"
"src/styles/marks/status.css","@layer andm.components / .andm-status::before","content","""""",""
"src/styles/marks/status.css","@layer andm.components / .andm-status::before","display","inline-block",""
"src/styles/marks/status.css","@layer andm.components / .andm-status::before","width","0.5em",""
"src/styles/marks/status.css","@layer andm.components / .andm-status::before","height","0.5em",""
"src/styles/marks/status.css","@layer andm.components / .andm-status::before","flex","0 0 0.5em",""
"src/styles/marks/status.css","@layer andm.components / .andm-status::before","border-radius","50%",""
"src/styles/marks/status.css","@layer andm.components / .andm-status::before","background","var(--andm-color-on-surface-variant)","--andm-color-on-surface-variant"
"src/styles/marks/status.css","@layer andm.components / .andm-status--success::before","background","var(--andm-color-success)","--andm-color-success"
"src/styles/marks/status.css","@layer andm.components / .andm-status--warning::before","background","var(--andm-color-warning)","--andm-color-warning"
"src/styles/marks/status.css","@layer andm.components / .andm-status--error::before","background","var(--andm-color-error)","--andm-color-error"
"src/styles/marks/status.css","@layer andm.components / .andm-status--info::before","background","var(--andm-color-primary)","--andm-color-primary"
"src/styles/navigation/breadcrumb.css","@layer andm.components / .andm-breadcrumb","font-family","var(--andm-font-family)","--andm-font-family"
"src/styles/navigation/breadcrumb.css","@layer andm.components / .andm-breadcrumb","font-size","var(--andm-font-size-sm)","--andm-font-size-sm"
"src/styles/navigation/breadcrumb.css","@layer andm.components / .andm-breadcrumb","line-height","var(--andm-line-height-tight)","--andm-line-height-tight"
"src/styles/navigation/breadcrumb.css","@layer andm.components / .andm-breadcrumb","color","var(--andm-color-on-surface)","--andm-color-on-surface"
"src/styles/navigation/breadcrumb.css","@layer andm.components / .andm-breadcrumb__list","display","flex",""
"src/styles/navigation/breadcrumb.css","@layer andm.components / .andm-breadcrumb__list","flex-wrap","wrap",""
"src/styles/navigation/breadcrumb.css","@layer andm.components / .andm-breadcrumb__list","align-items","center",""
"src/styles/navigation/breadcrumb.css","@layer andm.components / .andm-breadcrumb__list","gap","0",""
"src/styles/navigation/breadcrumb.css","@layer andm.components / .andm-breadcrumb__list","margin","0",""
"src/styles/navigation/breadcrumb.css","@layer andm.components / .andm-breadcrumb__list","padding","0",""
"src/styles/navigation/breadcrumb.css","@layer andm.components / .andm-breadcrumb__list","list-style","none",""
"src/styles/navigation/breadcrumb.css","@layer andm.components / .andm-breadcrumb__item","display","inline-flex",""
"src/styles/navigation/breadcrumb.css","@layer andm.components / .andm-breadcrumb__item","align-items","center",""
"src/styles/navigation/breadcrumb.css","@layer andm.components / .andm-breadcrumb__item + .andm-breadcrumb__item::before","content","""/""",""
"src/styles/navigation/breadcrumb.css","@layer andm.components / .andm-breadcrumb__item + .andm-breadcrumb__item::before","margin-inline","var(--andm-space-2)","--andm-space-2"
"src/styles/navigation/breadcrumb.css","@layer andm.components / .andm-breadcrumb__item + .andm-breadcrumb__item::before","color","var(--andm-color-on-surface-variant)","--andm-color-on-surface-variant"
"src/styles/navigation/breadcrumb.css","@layer andm.components / .andm-breadcrumb__link,
  .andm-breadcrumb__current","padding-block","var(--andm-space-2)","--andm-space-2"
"src/styles/navigation/breadcrumb.css","@layer andm.components / .andm-breadcrumb__link","color","var(--andm-color-primary)","--andm-color-primary"
"src/styles/navigation/breadcrumb.css","@layer andm.components / .andm-breadcrumb__link","text-decoration","none",""
"src/styles/navigation/breadcrumb.css","@layer andm.components / .andm-breadcrumb__link","border-radius","var(--andm-radius-sm)","--andm-radius-sm"
"src/styles/navigation/breadcrumb.css","@layer andm.components / .andm-breadcrumb__link","transition","color var(--andm-motion-duration-short2)
      var(--andm-motion-easing-decelerate)","--andm-motion-duration-short2 --andm-motion-easing-decelerate"
"src/styles/navigation/breadcrumb.css","@layer andm.components / .andm-breadcrumb__link:hover","text-decoration","underline",""
"src/styles/navigation/breadcrumb.css","@layer andm.components / .andm-breadcrumb__link:hover","text-underline-offset","var(--andm-space-05)","--andm-space-05"
"src/styles/navigation/breadcrumb.css","@layer andm.components / .andm-breadcrumb__link:focus","outline","none",""
"src/styles/navigation/breadcrumb.css","@layer andm.components / .andm-breadcrumb__link:focus-visible","outline","var(--andm-focus-ring-width) var(--andm-focus-ring-style)
      var(--andm-focus-ring-color)","--andm-focus-ring-width --andm-focus-ring-style --andm-focus-ring-color"
"src/styles/navigation/breadcrumb.css","@layer andm.components / .andm-breadcrumb__link:focus-visible","outline-offset","var(--andm-focus-ring-offset)","--andm-focus-ring-offset"
"src/styles/navigation/breadcrumb.css","@layer andm.components / .andm-breadcrumb__current","color","var(--andm-color-on-surface)","--andm-color-on-surface"
"src/styles/navigation/breadcrumb.css","@layer andm.components / .andm-breadcrumb__current","font-weight","var(--andm-font-weight-medium)","--andm-font-weight-medium"
"src/styles/navigation/link.css","@layer andm.components / .andm-link","color","var(--andm-link-color)","--andm-link-color"
"src/styles/navigation/link.css","@layer andm.components / .andm-link","text-decoration","underline",""
"src/styles/navigation/link.css","@layer andm.components / .andm-link","text-underline-offset","0.2em",""
"src/styles/navigation/link.css","@layer andm.components / .andm-link","text-decoration-thickness","0.08em",""
"src/styles/navigation/link.css","@layer andm.components / .andm-link","overflow-wrap","anywhere",""
"src/styles/navigation/link.css","@layer andm.components / .andm-link:visited","color","var(--andm-link-visited-color)","--andm-link-visited-color"
"src/styles/navigation/link.css","@layer andm.components / .andm-link:hover","text-decoration-thickness","0.15em",""
"src/styles/navigation/link.css","@layer andm.components / .andm-link:active","text-decoration-style","double",""
"src/styles/navigation/link.css","@layer andm.components / .andm-link:focus-visible","outline","var(--andm-focus-ring-width) var(--andm-focus-ring-style) var(--andm-focus-ring-color)","--andm-focus-ring-width --andm-focus-ring-style --andm-focus-ring-color"
"src/styles/navigation/link.css","@layer andm.components / .andm-link:focus-visible","outline-offset","var(--andm-focus-ring-offset)","--andm-focus-ring-offset"
"src/styles/navigation/link.css","@layer andm.components / .andm-link:focus-visible","border-radius","0.125rem",""
"src/styles/navigation/link.css","@layer andm.components / .andm-link .andm-icon","--andm-icon-size","1em",""
"src/styles/navigation/link.css","@layer andm.components / .andm-skip-link","position","absolute",""
"src/styles/navigation/link.css","@layer andm.components / .andm-skip-link","inset-inline-start","1rem",""
"src/styles/navigation/link.css","@layer andm.components / .andm-skip-link","top","1rem",""
"src/styles/navigation/link.css","@layer andm.components / .andm-skip-link","z-index","100",""
"src/styles/navigation/link.css","@layer andm.components / .andm-skip-link","padding","0.75rem",""
"src/styles/navigation/link.css","@layer andm.components / .andm-skip-link","background","var(--andm-color-surface)","--andm-color-surface"
"src/styles/navigation/link.css","@layer andm.components / .andm-skip-link","transform","translateY(-200%)",""
"src/styles/navigation/link.css","@layer andm.components / .andm-skip-link:focus","transform","none",""
"src/styles/navigation/menu.css","@layer andm.components / .andm-menu","position","relative",""
"src/styles/navigation/menu.css","@layer andm.components / .andm-menu","display","inline-flex",""
"src/styles/navigation/menu.css","@layer andm.components / .andm-menu","max-width","100%",""
"src/styles/navigation/menu.css","@layer andm.components / .andm-menu","font-family","var(--andm-font-family)","--andm-font-family"
"src/styles/navigation/menu.css","@layer andm.components / .andm-menu","color","var(--andm-color-on-surface)","--andm-color-on-surface"
"src/styles/navigation/menu.css","@layer andm.components / .andm-menu__panel","position","absolute",""
"src/styles/navigation/menu.css","@layer andm.components / .andm-menu__panel","z-index","2",""
"src/styles/navigation/menu.css","@layer andm.components / .andm-menu__panel","inset-inline-start","0",""
"src/styles/navigation/menu.css","@layer andm.components / .andm-menu__panel","inset-block-start","calc(100% + var(--andm-space-1))","--andm-space-1"
"src/styles/navigation/menu.css","@layer andm.components / .andm-menu__panel","display","flex",""
"src/styles/navigation/menu.css","@layer andm.components / .andm-menu__panel","flex-direction","column",""
"src/styles/navigation/menu.css","@layer andm.components / .andm-menu__panel","gap","var(--andm-space-05)","--andm-space-05"
"src/styles/navigation/menu.css","@layer andm.components / .andm-menu__panel","min-width","calc(var(--andm-space-24) * 2)","--andm-space-24"
"src/styles/navigation/menu.css","@layer andm.components / .andm-menu__panel","margin","0",""
"src/styles/navigation/menu.css","@layer andm.components / .andm-menu__panel","padding","var(--andm-space-1)","--andm-space-1"
"src/styles/navigation/menu.css","@layer andm.components / .andm-menu__panel","border","1px solid
      color-mix(in srgb, var(--andm-color-on-surface) 24%, transparent)","--andm-color-on-surface"
"src/styles/navigation/menu.css","@layer andm.components / .andm-menu__panel","border-radius","var(--andm-menu-radius, var(--andm-radius-md))","--andm-menu-radius --andm-radius-md"
"src/styles/navigation/menu.css","@layer andm.components / .andm-menu__panel","background","var(--andm-color-surface)","--andm-color-surface"
"src/styles/navigation/menu.css","@layer andm.components / .andm-menu__panel","box-shadow","var(--andm-shadow-2)","--andm-shadow-2"
"src/styles/navigation/menu.css","@layer andm.components / .andm-menu__panel","transition","opacity var(--andm-motion-duration-short2)
        var(--andm-motion-easing-decelerate),
      transform var(--andm-motion-duration-short4)
        var(--andm-motion-easing-standard)","--andm-motion-duration-short2 --andm-motion-easing-decelerate --andm-motion-duration-short4 --andm-motion-easing-standard"
"src/styles/navigation/menu.css","@layer andm.components / .andm-menu__panel[hidden]","display","none",""
"src/styles/navigation/menu.css","@layer andm.components / .andm-menu__panel.is-closed","opacity","0",""
"src/styles/navigation/menu.css","@layer andm.components / .andm-menu__panel.is-closed","transform","translateY(calc(var(--andm-space-1) * -1))","--andm-space-1"
"src/styles/navigation/menu.css","@layer andm.components / .andm-menu__panel.is-closed","pointer-events","none",""
"src/styles/navigation/menu.css","@layer andm.components / .andm-menu__item","appearance","none",""
"src/styles/navigation/menu.css","@layer andm.components / .andm-menu__item","display","flex",""
"src/styles/navigation/menu.css","@layer andm.components / .andm-menu__item","align-items","center",""
"src/styles/navigation/menu.css","@layer andm.components / .andm-menu__item","width","100%",""
"src/styles/navigation/menu.css","@layer andm.components / .andm-menu__item","min-height","var(--andm-field-height, var(--andm-btn-height-md))","--andm-field-height --andm-btn-height-md"
"src/styles/navigation/menu.css","@layer andm.components / .andm-menu__item","margin","0",""
"src/styles/navigation/menu.css","@layer andm.components / .andm-menu__item","padding","0 var(--andm-space-3)","--andm-space-3"
"src/styles/navigation/menu.css","@layer andm.components / .andm-menu__item","border","0",""
"src/styles/navigation/menu.css","@layer andm.components / .andm-menu__item","border-radius","var(--andm-field-radius, var(--andm-radius-sm))","--andm-field-radius --andm-radius-sm"
"src/styles/navigation/menu.css","@layer andm.components / .andm-menu__item","background","transparent",""
"src/styles/navigation/menu.css","@layer andm.components / .andm-menu__item","color","var(--andm-color-on-surface)","--andm-color-on-surface"
"src/styles/navigation/menu.css","@layer andm.components / .andm-menu__item","font-family","inherit",""
"src/styles/navigation/menu.css","@layer andm.components / .andm-menu__item","font-size","var(--andm-font-size-md)","--andm-font-size-md"
"src/styles/navigation/menu.css","@layer andm.components / .andm-menu__item","font-weight","var(--andm-font-weight-medium)","--andm-font-weight-medium"
"src/styles/navigation/menu.css","@layer andm.components / .andm-menu__item","line-height","var(--andm-line-height-tight)","--andm-line-height-tight"
"src/styles/navigation/menu.css","@layer andm.components / .andm-menu__item","text-align","start",""
"src/styles/navigation/menu.css","@layer andm.components / .andm-menu__item","cursor","pointer",""
"src/styles/navigation/menu.css","@layer andm.components / .andm-menu__item","transition","background-color var(--andm-motion-duration-short2)
        var(--andm-motion-easing-decelerate),
      color var(--andm-motion-duration-short2)
        var(--andm-motion-easing-decelerate)","--andm-motion-duration-short2 --andm-motion-easing-decelerate"
"src/styles/navigation/menu.css","@layer andm.components / .andm-menu__item:hover:not(:disabled):not([disabled])","background","rgb(
      var(--andm-color-primary-rgb) / var(--andm-state-hover-opacity)
    )","--andm-color-primary-rgb --andm-state-hover-opacity"
"src/styles/navigation/menu.css","@layer andm.components / .andm-menu__item:active:not(:disabled):not([disabled])","background","rgb(
      var(--andm-color-primary-rgb) / var(--andm-state-pressed-opacity)
    )","--andm-color-primary-rgb --andm-state-pressed-opacity"
"src/styles/navigation/menu.css","@layer andm.components / .andm-menu__item:active:not(:disabled):not([disabled])","transition","background-color var(--andm-motion-duration-short1)
        var(--andm-motion-easing-accelerate),
      color var(--andm-motion-duration-short1)
        var(--andm-motion-easing-accelerate)","--andm-motion-duration-short1 --andm-motion-easing-accelerate"
"src/styles/navigation/menu.css","@layer andm.components / .andm-menu__item[aria-current=""page""]","background","var(--andm-color-secondary-container)","--andm-color-secondary-container"
"src/styles/navigation/menu.css","@layer andm.components / .andm-menu__item[aria-current=""page""]","color","var(--andm-color-on-secondary-container)","--andm-color-on-secondary-container"
"src/styles/navigation/menu.css","@layer andm.components / .andm-menu__item[aria-current=""page""]","transition","background-color var(--andm-motion-duration-short3)
        var(--andm-motion-easing-standard),
      color var(--andm-motion-duration-short3) var(--andm-motion-easing-standard)","--andm-motion-duration-short3 --andm-motion-easing-standard"
"src/styles/navigation/menu.css","@layer andm.components / .andm-menu__item:focus","outline","none",""
"src/styles/navigation/menu.css","@layer andm.components / .andm-menu__item:focus-visible","outline","var(--andm-focus-ring-width) var(--andm-focus-ring-style)
      var(--andm-focus-ring-color)","--andm-focus-ring-width --andm-focus-ring-style --andm-focus-ring-color"
"src/styles/navigation/menu.css","@layer andm.components / .andm-menu__item:focus-visible","outline-offset","calc(var(--andm-focus-ring-offset) * -1)","--andm-focus-ring-offset"
"src/styles/navigation/menu.css","@layer andm.components / .andm-menu__item:disabled,
  .andm-menu__item[disabled]","cursor","not-allowed",""
"src/styles/navigation/menu.css","@layer andm.components / .andm-menu__item:disabled,
  .andm-menu__item[disabled]","color","var(--andm-color-on-disabled)","--andm-color-on-disabled"
"src/styles/navigation/menu.css","@layer andm.components / .andm-menu__separator","height","0",""
"src/styles/navigation/menu.css","@layer andm.components / .andm-menu__separator","margin","var(--andm-space-1) var(--andm-space-2)","--andm-space-1 --andm-space-2"
"src/styles/navigation/menu.css","@layer andm.components / .andm-menu__separator","border","0",""
"src/styles/navigation/menu.css","@layer andm.components / .andm-menu__separator","border-top","1px solid
      color-mix(in srgb, var(--andm-color-on-surface) 24%, transparent)","--andm-color-on-surface"
"src/styles/navigation/menu.css","@layer andm.components / @media (prefers-reduced-motion: reduce) / .andm-menu__panel,
    .andm-menu__panel.is-closed","transform","none",""
"src/styles/navigation/menu.css","@layer andm.components / @media (prefers-reduced-motion: reduce) / .andm-menu__panel,
    .andm-menu__panel.is-closed","transition","opacity var(--andm-motion-duration-short2)
        var(--andm-motion-easing-decelerate)","--andm-motion-duration-short2 --andm-motion-easing-decelerate"
"src/styles/navigation/pagination.css","@layer andm.components / .andm-pagination","display","flex",""
"src/styles/navigation/pagination.css","@layer andm.components / .andm-pagination","flex-wrap","wrap",""
"src/styles/navigation/pagination.css","@layer andm.components / .andm-pagination","align-items","center",""
"src/styles/navigation/pagination.css","@layer andm.components / .andm-pagination","gap","var(--andm-space-2)","--andm-space-2"
"src/styles/navigation/pagination.css","@layer andm.components / .andm-pagination","margin","0",""
"src/styles/navigation/pagination.css","@layer andm.components / .andm-pagination","font-family","var(--andm-font-family)","--andm-font-family"
"src/styles/navigation/pagination.css","@layer andm.components / .andm-pagination","color","var(--andm-color-on-surface)","--andm-color-on-surface"
"src/styles/navigation/pagination.css","@layer andm.components / .andm-pagination__list","display","flex",""
"src/styles/navigation/pagination.css","@layer andm.components / .andm-pagination__list","flex-wrap","wrap",""
"src/styles/navigation/pagination.css","@layer andm.components / .andm-pagination__list","align-items","center",""
"src/styles/navigation/pagination.css","@layer andm.components / .andm-pagination__list","gap","var(--andm-space-1)","--andm-space-1"
"src/styles/navigation/pagination.css","@layer andm.components / .andm-pagination__list","margin","0",""
"src/styles/navigation/pagination.css","@layer andm.components / .andm-pagination__list","padding","0",""
"src/styles/navigation/pagination.css","@layer andm.components / .andm-pagination__list","list-style","none",""
"src/styles/navigation/pagination.css","@layer andm.components / .andm-pagination__page,
  .andm-pagination__control","appearance","none",""
"src/styles/navigation/pagination.css","@layer andm.components / .andm-pagination__page,
  .andm-pagination__control","display","inline-flex",""
"src/styles/navigation/pagination.css","@layer andm.components / .andm-pagination__page,
  .andm-pagination__control","align-items","center",""
"src/styles/navigation/pagination.css","@layer andm.components / .andm-pagination__page,
  .andm-pagination__control","justify-content","center",""
"src/styles/navigation/pagination.css","@layer andm.components / .andm-pagination__page,
  .andm-pagination__control","min-width","var(--andm-field-height, var(--andm-btn-height-md))","--andm-field-height --andm-btn-height-md"
"src/styles/navigation/pagination.css","@layer andm.components / .andm-pagination__page,
  .andm-pagination__control","height","var(--andm-field-height, var(--andm-btn-height-md))","--andm-field-height --andm-btn-height-md"
"src/styles/navigation/pagination.css","@layer andm.components / .andm-pagination__page,
  .andm-pagination__control","margin","0",""
"src/styles/navigation/pagination.css","@layer andm.components / .andm-pagination__page,
  .andm-pagination__control","padding","0 var(--andm-space-2)","--andm-space-2"
"src/styles/navigation/pagination.css","@layer andm.components / .andm-pagination__page,
  .andm-pagination__control","border","1px solid
      color-mix(in srgb, var(--andm-color-on-surface) 24%, transparent)","--andm-color-on-surface"
"src/styles/navigation/pagination.css","@layer andm.components / .andm-pagination__page,
  .andm-pagination__control","border-radius","var(--andm-pagination-radius, var(--andm-radius-md))","--andm-pagination-radius --andm-radius-md"
"src/styles/navigation/pagination.css","@layer andm.components / .andm-pagination__page,
  .andm-pagination__control","background","var(--andm-color-surface)","--andm-color-surface"
"src/styles/navigation/pagination.css","@layer andm.components / .andm-pagination__page,
  .andm-pagination__control","color","var(--andm-color-on-surface)","--andm-color-on-surface"
"src/styles/navigation/pagination.css","@layer andm.components / .andm-pagination__page,
  .andm-pagination__control","font-family","inherit",""
"src/styles/navigation/pagination.css","@layer andm.components / .andm-pagination__page,
  .andm-pagination__control","font-size","var(--andm-font-size-md)","--andm-font-size-md"
"src/styles/navigation/pagination.css","@layer andm.components / .andm-pagination__page,
  .andm-pagination__control","font-weight","var(--andm-font-weight-medium)","--andm-font-weight-medium"
"src/styles/navigation/pagination.css","@layer andm.components / .andm-pagination__page,
  .andm-pagination__control","line-height","var(--andm-line-height-tight)","--andm-line-height-tight"
"src/styles/navigation/pagination.css","@layer andm.components / .andm-pagination__page,
  .andm-pagination__control","cursor","pointer",""
"src/styles/navigation/pagination.css","@layer andm.components / .andm-pagination__page,
  .andm-pagination__control","transition","background-color var(--andm-motion-duration-short2)
        var(--andm-motion-easing-decelerate),
      color var(--andm-motion-duration-short2)
        var(--andm-motion-easing-decelerate),
      border-color var(--andm-motion-duration-short2)
        var(--andm-motion-easing-decelerate),
      box-shadow var(--andm-motion-duration-short2)
        var(--andm-motion-easing-decelerate)","--andm-motion-duration-short2 --andm-motion-easing-decelerate"
"src/styles/navigation/pagination.css","@layer andm.components / .andm-pagination__page:hover:not(:disabled):not([aria-current=""page""]),
  .andm-pagination__control:hover:not(:disabled)","background","rgb(
      var(--andm-color-primary-rgb) / var(--andm-state-hover-opacity)
    )","--andm-color-primary-rgb --andm-state-hover-opacity"
"src/styles/navigation/pagination.css","@layer andm.components / .andm-pagination__page:active:not(:disabled),
  .andm-pagination__control:active:not(:disabled)","transform","scale(var(--andm-btn-press-scale))","--andm-btn-press-scale"
"src/styles/navigation/pagination.css","@layer andm.components / .andm-pagination__page:active:not(:disabled),
  .andm-pagination__control:active:not(:disabled)","transition","background-color var(--andm-motion-duration-short1)
        var(--andm-motion-easing-accelerate),
      color var(--andm-motion-duration-short1)
        var(--andm-motion-easing-accelerate),
      border-color var(--andm-motion-duration-short1)
        var(--andm-motion-easing-accelerate),
      transform var(--andm-motion-duration-short1)
        var(--andm-motion-easing-accelerate)","--andm-motion-duration-short1 --andm-motion-easing-accelerate"
"src/styles/navigation/pagination.css","@layer andm.components / .andm-pagination__page[aria-current=""page""]","background","var(--andm-color-primary)","--andm-color-primary"
"src/styles/navigation/pagination.css","@layer andm.components / .andm-pagination__page[aria-current=""page""]","border-color","var(--andm-color-primary)","--andm-color-primary"
"src/styles/navigation/pagination.css","@layer andm.components / .andm-pagination__page[aria-current=""page""]","color","var(--andm-color-on-primary)","--andm-color-on-primary"
"src/styles/navigation/pagination.css","@layer andm.components / .andm-pagination__page[aria-current=""page""]","transition","background-color var(--andm-motion-duration-short3)
        var(--andm-motion-easing-standard),
      color var(--andm-motion-duration-short3) var(--andm-motion-easing-standard),
      border-color var(--andm-motion-duration-short3)
        var(--andm-motion-easing-standard)","--andm-motion-duration-short3 --andm-motion-easing-standard"
"src/styles/navigation/pagination.css","@layer andm.components / .andm-pagination__page:focus,
  .andm-pagination__control:focus","outline","none",""
"src/styles/navigation/pagination.css","@layer andm.components / .andm-pagination__page:focus-visible,
  .andm-pagination__control:focus-visible","outline","var(--andm-focus-ring-width) var(--andm-focus-ring-style)
      var(--andm-focus-ring-color)","--andm-focus-ring-width --andm-focus-ring-style --andm-focus-ring-color"
"src/styles/navigation/pagination.css","@layer andm.components / .andm-pagination__page:focus-visible,
  .andm-pagination__control:focus-visible","outline-offset","var(--andm-focus-ring-offset)","--andm-focus-ring-offset"
"src/styles/navigation/pagination.css","@layer andm.components / .andm-pagination__page:disabled,
  .andm-pagination__control:disabled,
  .andm-pagination__page[disabled],
  .andm-pagination__control[disabled]","cursor","not-allowed",""
"src/styles/navigation/pagination.css","@layer andm.components / .andm-pagination__page:disabled,
  .andm-pagination__control:disabled,
  .andm-pagination__page[disabled],
  .andm-pagination__control[disabled]","background","transparent",""
"src/styles/navigation/pagination.css","@layer andm.components / .andm-pagination__page:disabled,
  .andm-pagination__control:disabled,
  .andm-pagination__page[disabled],
  .andm-pagination__control[disabled]","color","var(--andm-color-on-disabled)","--andm-color-on-disabled"
"src/styles/navigation/pagination.css","@layer andm.components / .andm-pagination__page:disabled,
  .andm-pagination__control:disabled,
  .andm-pagination__page[disabled],
  .andm-pagination__control[disabled]","border-color","var(--andm-color-disabled-outline)","--andm-color-disabled-outline"
"src/styles/navigation/pagination.css","@layer andm.components / .andm-pagination__gap","color","var(--andm-color-on-surface-variant)","--andm-color-on-surface-variant"
"src/styles/navigation/pagination.css","@layer andm.components / .andm-pagination__gap","padding-inline","var(--andm-space-1)","--andm-space-1"
"src/styles/navigation/pagination.css","@layer andm.components / @media (prefers-reduced-motion: reduce) / .andm-pagination__page:active:not(:disabled),
    .andm-pagination__control:active:not(:disabled)","transform","none",""
"src/styles/navigation/pagination.css","@layer andm.components / @media (prefers-reduced-motion: reduce) / .andm-pagination__page:active:not(:disabled),
    .andm-pagination__control:active:not(:disabled)","transition","background-color var(--andm-motion-duration-short1)
          var(--andm-motion-easing-accelerate),
        color var(--andm-motion-duration-short1)
          var(--andm-motion-easing-accelerate),
        border-color var(--andm-motion-duration-short1)
          var(--andm-motion-easing-accelerate)","--andm-motion-duration-short1 --andm-motion-easing-accelerate"
"src/styles/navigation/tabs.css","@layer andm.components / .andm-tabs","display","flex",""
"src/styles/navigation/tabs.css","@layer andm.components / .andm-tabs","flex-direction","column",""
"src/styles/navigation/tabs.css","@layer andm.components / .andm-tabs","gap","var(--andm-space-4)","--andm-space-4"
"src/styles/navigation/tabs.css","@layer andm.components / .andm-tabs","font-family","var(--andm-font-family)","--andm-font-family"
"src/styles/navigation/tabs.css","@layer andm.components / .andm-tabs","color","var(--andm-color-on-surface)","--andm-color-on-surface"
"src/styles/navigation/tabs.css","@layer andm.components / .andm-tabs__list","display","flex",""
"src/styles/navigation/tabs.css","@layer andm.components / .andm-tabs__list","flex-wrap","wrap",""
"src/styles/navigation/tabs.css","@layer andm.components / .andm-tabs__list","gap","0",""
"src/styles/navigation/tabs.css","@layer andm.components / .andm-tabs__list","margin","0",""
"src/styles/navigation/tabs.css","@layer andm.components / .andm-tabs__list","padding","0",""
"src/styles/navigation/tabs.css","@layer andm.components / .andm-tabs__list","border-bottom","1px solid var(--andm-color-on-surface-variant)","--andm-color-on-surface-variant"
"src/styles/navigation/tabs.css","@layer andm.components / .andm-tabs__tab","appearance","none",""
"src/styles/navigation/tabs.css","@layer andm.components / .andm-tabs__tab","display","inline-flex",""
"src/styles/navigation/tabs.css","@layer andm.components / .andm-tabs__tab","align-items","center",""
"src/styles/navigation/tabs.css","@layer andm.components / .andm-tabs__tab","justify-content","center",""
"src/styles/navigation/tabs.css","@layer andm.components / .andm-tabs__tab","min-height","var(--andm-field-height, var(--andm-btn-height-md))","--andm-field-height --andm-btn-height-md"
"src/styles/navigation/tabs.css","@layer andm.components / .andm-tabs__tab","margin","0 0 calc(var(--andm-tabs-indicator-width, 2px) * -1)","--andm-tabs-indicator-width"
"src/styles/navigation/tabs.css","@layer andm.components / .andm-tabs__tab","padding","0 var(--andm-space-4)","--andm-space-4"
"src/styles/navigation/tabs.css","@layer andm.components / .andm-tabs__tab","border","0",""
"src/styles/navigation/tabs.css","@layer andm.components / .andm-tabs__tab","border-bottom","var(--andm-tabs-indicator-width, 2px) solid transparent","--andm-tabs-indicator-width"
"src/styles/navigation/tabs.css","@layer andm.components / .andm-tabs__tab","border-radius","var(--andm-tabs-radius, 0)","--andm-tabs-radius"
"src/styles/navigation/tabs.css","@layer andm.components / .andm-tabs__tab","background","transparent",""
"src/styles/navigation/tabs.css","@layer andm.components / .andm-tabs__tab","color","var(--andm-color-on-surface-variant)","--andm-color-on-surface-variant"
"src/styles/navigation/tabs.css","@layer andm.components / .andm-tabs__tab","font-family","inherit",""
"src/styles/navigation/tabs.css","@layer andm.components / .andm-tabs__tab","font-size","var(--andm-font-size-md)","--andm-font-size-md"
"src/styles/navigation/tabs.css","@layer andm.components / .andm-tabs__tab","font-weight","var(--andm-font-weight-medium)","--andm-font-weight-medium"
"src/styles/navigation/tabs.css","@layer andm.components / .andm-tabs__tab","line-height","var(--andm-line-height-tight)","--andm-line-height-tight"
"src/styles/navigation/tabs.css","@layer andm.components / .andm-tabs__tab","cursor","pointer",""
"src/styles/navigation/tabs.css","@layer andm.components / .andm-tabs__tab","transition","color var(--andm-motion-duration-short3) var(--andm-motion-easing-standard),
      border-color var(--andm-motion-duration-short3)
        var(--andm-motion-easing-standard),
      background-color var(--andm-motion-duration-short2)
        var(--andm-motion-easing-decelerate)","--andm-motion-duration-short3 --andm-motion-easing-standard --andm-motion-duration-short2 --andm-motion-easing-decelerate"
"src/styles/navigation/tabs.css","@layer andm.components / .andm-tabs__tab:hover:not(:disabled):not([disabled])","color","var(--andm-color-on-surface)","--andm-color-on-surface"
"src/styles/navigation/tabs.css","@layer andm.components / .andm-tabs__tab:hover:not(:disabled):not([disabled])","background","rgb(
      var(--andm-color-primary-rgb) / var(--andm-state-hover-opacity)
    )","--andm-color-primary-rgb --andm-state-hover-opacity"
"src/styles/navigation/tabs.css","@layer andm.components / .andm-tabs__tab:active:not(:disabled):not([disabled])","background","rgb(
      var(--andm-color-primary-rgb) / var(--andm-state-pressed-opacity)
    )","--andm-color-primary-rgb --andm-state-pressed-opacity"
"src/styles/navigation/tabs.css","@layer andm.components / .andm-tabs__tab:active:not(:disabled):not([disabled])","transition","color var(--andm-motion-duration-short1)
        var(--andm-motion-easing-accelerate),
      border-color var(--andm-motion-duration-short1)
        var(--andm-motion-easing-accelerate),
      background-color var(--andm-motion-duration-short1)
        var(--andm-motion-easing-accelerate)","--andm-motion-duration-short1 --andm-motion-easing-accelerate"
"src/styles/navigation/tabs.css","@layer andm.components / .andm-tabs__tab--selected,
  .andm-tabs__tab[aria-selected=""true""]","color","var(--andm-color-primary)","--andm-color-primary"
"src/styles/navigation/tabs.css","@layer andm.components / .andm-tabs__tab--selected,
  .andm-tabs__tab[aria-selected=""true""]","border-bottom-color","var(--andm-color-primary)","--andm-color-primary"
"src/styles/navigation/tabs.css","@layer andm.components / .andm-tabs__tab--selected,
  .andm-tabs__tab[aria-selected=""true""]","font-weight","var(
      --andm-tabs-selected-weight,
      var(--andm-font-weight-medium)
    )","--andm-tabs-selected-weight --andm-font-weight-medium"
"src/styles/navigation/tabs.css","@layer andm.components / .andm-tabs__tab:focus","outline","none",""
"src/styles/navigation/tabs.css","@layer andm.components / .andm-tabs__tab:focus-visible","outline","var(--andm-focus-ring-width) var(--andm-focus-ring-style)
      var(--andm-focus-ring-color)","--andm-focus-ring-width --andm-focus-ring-style --andm-focus-ring-color"
"src/styles/navigation/tabs.css","@layer andm.components / .andm-tabs__tab:focus-visible","outline-offset","calc(var(--andm-focus-ring-offset) * -1)","--andm-focus-ring-offset"
"src/styles/navigation/tabs.css","@layer andm.components / .andm-tabs__tab:disabled,
  .andm-tabs__tab[disabled]","cursor","not-allowed",""
"src/styles/navigation/tabs.css","@layer andm.components / .andm-tabs__tab:disabled,
  .andm-tabs__tab[disabled]","color","var(--andm-color-on-disabled)","--andm-color-on-disabled"
"src/styles/navigation/tabs.css","@layer andm.components / .andm-tabs__panel","margin","0",""
"src/styles/navigation/tabs.css","@layer andm.components / .andm-tabs__panel","font-size","var(--andm-font-size-md)","--andm-font-size-md"
"src/styles/navigation/tabs.css","@layer andm.components / .andm-tabs__panel","line-height","var(--andm-line-height-tight)","--andm-line-height-tight"
"src/styles/navigation/tabs.css","@layer andm.components / .andm-tabs__panel","color","var(--andm-color-on-surface)","--andm-color-on-surface"
"src/styles/navigation/tabs.css","@layer andm.components / .andm-tabs__panel[hidden]","display","none",""
"src/styles/overlays/dialog.css","@layer andm.components / .andm-dialog","box-sizing","border-box",""
"src/styles/overlays/dialog.css","@layer andm.components / .andm-dialog","width","min(28rem, calc(100% - var(--andm-space-8)))","--andm-space-8"
"src/styles/overlays/dialog.css","@layer andm.components / .andm-dialog","max-height","calc(100% - var(--andm-space-8))","--andm-space-8"
"src/styles/overlays/dialog.css","@layer andm.components / .andm-dialog","margin","auto",""
"src/styles/overlays/dialog.css","@layer andm.components / .andm-dialog","padding","0",""
"src/styles/overlays/dialog.css","@layer andm.components / .andm-dialog","border","1px solid var(--andm-color-on-surface-variant)","--andm-color-on-surface-variant"
"src/styles/overlays/dialog.css","@layer andm.components / .andm-dialog","border-radius","var(--andm-dialog-radius, var(--andm-radius-md))","--andm-dialog-radius --andm-radius-md"
"src/styles/overlays/dialog.css","@layer andm.components / .andm-dialog","background","var(--andm-color-surface)","--andm-color-surface"
"src/styles/overlays/dialog.css","@layer andm.components / .andm-dialog","color","var(--andm-color-on-surface)","--andm-color-on-surface"
"src/styles/overlays/dialog.css","@layer andm.components / .andm-dialog","box-shadow","var(--andm-shadow-2)","--andm-shadow-2"
"src/styles/overlays/dialog.css","@layer andm.components / .andm-dialog","font-family","var(--andm-font-family)","--andm-font-family"
"src/styles/overlays/dialog.css","@layer andm.components / .andm-dialog","opacity","1",""
"src/styles/overlays/dialog.css","@layer andm.components / .andm-dialog","transform","none",""
"src/styles/overlays/dialog.css","@layer andm.components / .andm-dialog","transition","opacity var(--andm-motion-duration-short4) var(--andm-motion-easing-standard),
      transform var(--andm-motion-duration-short4)
        var(--andm-motion-easing-standard),
      overlay var(--andm-motion-duration-short4) var(--andm-motion-easing-standard)
        allow-discrete,
      display var(--andm-motion-duration-short4) var(--andm-motion-easing-standard)
        allow-discrete","--andm-motion-duration-short4 --andm-motion-easing-standard"
"src/styles/overlays/dialog.css","@layer andm.components / .andm-dialog[open]","opacity","1",""
"src/styles/overlays/dialog.css","@layer andm.components / .andm-dialog[open]","transform","none",""
"src/styles/overlays/dialog.css","@layer andm.components / @starting-style / .andm-dialog[open]","opacity","0",""
"src/styles/overlays/dialog.css","@layer andm.components / @starting-style / .andm-dialog[open]","transform","translateY(var(--andm-space-2))","--andm-space-2"
"src/styles/overlays/dialog.css","@layer andm.components / .andm-dialog::backdrop","background","color-mix(
      in srgb,
      var(--andm-color-on-surface) 40%,
      transparent
    )","--andm-color-on-surface"
"src/styles/overlays/dialog.css","@layer andm.components / .andm-dialog::backdrop","transition","opacity var(--andm-motion-duration-short4)
      var(--andm-motion-easing-standard) allow-discrete","--andm-motion-duration-short4 --andm-motion-easing-standard"
"src/styles/overlays/dialog.css","@layer andm.components / @starting-style / .andm-dialog[open]::backdrop","opacity","0",""
"src/styles/overlays/dialog.css","@layer andm.components / @media (prefers-reduced-motion: reduce) / .andm-dialog,
    .andm-dialog[open],
    .andm-dialog::backdrop","transform","none",""
"src/styles/overlays/dialog.css","@layer andm.components / @media (prefers-reduced-motion: reduce) / .andm-dialog,
    .andm-dialog[open],
    .andm-dialog::backdrop","transition","none",""
"src/styles/overlays/dialog.css","@layer andm.components / .andm-dialog__panel","display","flex",""
"src/styles/overlays/dialog.css","@layer andm.components / .andm-dialog__panel","flex-direction","column",""
"src/styles/overlays/dialog.css","@layer andm.components / .andm-dialog__panel","gap","var(--andm-space-3)","--andm-space-3"
"src/styles/overlays/dialog.css","@layer andm.components / .andm-dialog__panel","padding","var(--andm-space-5)","--andm-space-5"
"src/styles/overlays/dialog.css","@layer andm.components / .andm-dialog__title","margin","0",""
"src/styles/overlays/dialog.css","@layer andm.components / .andm-dialog__title","font-size","var(--andm-font-size-lg)","--andm-font-size-lg"
"src/styles/overlays/dialog.css","@layer andm.components / .andm-dialog__title","font-weight","var(--andm-font-weight-medium)","--andm-font-weight-medium"
"src/styles/overlays/dialog.css","@layer andm.components / .andm-dialog__title","line-height","var(--andm-line-height-tight)","--andm-line-height-tight"
"src/styles/overlays/dialog.css","@layer andm.components / .andm-dialog__body","margin","0",""
"src/styles/overlays/dialog.css","@layer andm.components / .andm-dialog__body","font-size","var(--andm-font-size-md)","--andm-font-size-md"
"src/styles/overlays/dialog.css","@layer andm.components / .andm-dialog__body","line-height","var(--andm-line-height-tight)","--andm-line-height-tight"
"src/styles/overlays/dialog.css","@layer andm.components / .andm-dialog__body","color","var(--andm-color-on-surface-variant)","--andm-color-on-surface-variant"
"src/styles/overlays/dialog.css","@layer andm.components / .andm-dialog__actions","display","flex",""
"src/styles/overlays/dialog.css","@layer andm.components / .andm-dialog__actions","flex-wrap","wrap",""
"src/styles/overlays/dialog.css","@layer andm.components / .andm-dialog__actions","justify-content","flex-end",""
"src/styles/overlays/dialog.css","@layer andm.components / .andm-dialog__actions","gap","var(--andm-space-2)","--andm-space-2"
"src/styles/overlays/dialog.css","@layer andm.components / .andm-dialog__actions","margin-top","var(--andm-space-1)","--andm-space-1"
"src/styles/overlays/drawer.css","@layer andm.components / .andm-drawer","box-sizing","border-box",""
"src/styles/overlays/drawer.css","@layer andm.components / .andm-drawer","width","min(
      calc(var(--andm-space-24) * 4),
      calc(100% - var(--andm-space-8))
    )","--andm-space-24 --andm-space-8"
"src/styles/overlays/drawer.css","@layer andm.components / .andm-drawer","height","100%",""
"src/styles/overlays/drawer.css","@layer andm.components / .andm-drawer","max-height","100%",""
"src/styles/overlays/drawer.css","@layer andm.components / .andm-drawer","margin","0",""
"src/styles/overlays/drawer.css","@layer andm.components / .andm-drawer","margin-inline-start","auto",""
"src/styles/overlays/drawer.css","@layer andm.components / .andm-drawer","padding","0",""
"src/styles/overlays/drawer.css","@layer andm.components / .andm-drawer","border","0",""
"src/styles/overlays/drawer.css","@layer andm.components / .andm-drawer","border-inline-start","1px solid
      color-mix(in srgb, var(--andm-color-on-surface) 24%, transparent)","--andm-color-on-surface"
"src/styles/overlays/drawer.css","@layer andm.components / .andm-drawer","border-radius","0",""
"src/styles/overlays/drawer.css","@layer andm.components / .andm-drawer","background","var(--andm-color-surface)","--andm-color-surface"
"src/styles/overlays/drawer.css","@layer andm.components / .andm-drawer","color","var(--andm-color-on-surface)","--andm-color-on-surface"
"src/styles/overlays/drawer.css","@layer andm.components / .andm-drawer","box-shadow","var(--andm-shadow-2)","--andm-shadow-2"
"src/styles/overlays/drawer.css","@layer andm.components / .andm-drawer","font-family","var(--andm-font-family)","--andm-font-family"
"src/styles/overlays/drawer.css","@layer andm.components / .andm-drawer","transition","transform var(--andm-motion-duration-short4)
        var(--andm-motion-easing-standard),
      overlay var(--andm-motion-duration-short4) var(--andm-motion-easing-standard)
        allow-discrete,
      display var(--andm-motion-duration-short4) var(--andm-motion-easing-standard)
        allow-discrete","--andm-motion-duration-short4 --andm-motion-easing-standard"
"src/styles/overlays/drawer.css","@layer andm.components / .andm-drawer","transition-behavior","allow-discrete",""
"src/styles/overlays/drawer.css","@layer andm.components / .andm-drawer[open]","transform","translateX(0)",""
"src/styles/overlays/drawer.css","@layer andm.components / @starting-style / .andm-drawer[open]","transform","translateX(100%)",""
"src/styles/overlays/drawer.css","@layer andm.components / .andm-drawer.is-closing","transform","translateX(100%)",""
"src/styles/overlays/drawer.css","@layer andm.components / .andm-drawer::backdrop","background","color-mix(
      in srgb,
      var(--andm-color-on-surface) 40%,
      transparent
    )","--andm-color-on-surface"
"src/styles/overlays/drawer.css","@layer andm.components / .andm-drawer__panel","display","flex",""
"src/styles/overlays/drawer.css","@layer andm.components / .andm-drawer__panel","flex-direction","column",""
"src/styles/overlays/drawer.css","@layer andm.components / .andm-drawer__panel","gap","var(--andm-space-3)","--andm-space-3"
"src/styles/overlays/drawer.css","@layer andm.components / .andm-drawer__panel","box-sizing","border-box",""
"src/styles/overlays/drawer.css","@layer andm.components / .andm-drawer__panel","height","100%",""
"src/styles/overlays/drawer.css","@layer andm.components / .andm-drawer__panel","padding","var(--andm-space-5)","--andm-space-5"
"src/styles/overlays/drawer.css","@layer andm.components / .andm-drawer__title","margin","0",""
"src/styles/overlays/drawer.css","@layer andm.components / .andm-drawer__title","font-size","var(--andm-font-size-lg)","--andm-font-size-lg"
"src/styles/overlays/drawer.css","@layer andm.components / .andm-drawer__title","font-weight","var(--andm-font-weight-medium)","--andm-font-weight-medium"
"src/styles/overlays/drawer.css","@layer andm.components / .andm-drawer__title","line-height","var(--andm-line-height-tight)","--andm-line-height-tight"
"src/styles/overlays/drawer.css","@layer andm.components / .andm-drawer__body","margin","0",""
"src/styles/overlays/drawer.css","@layer andm.components / .andm-drawer__body","font-size","var(--andm-font-size-md)","--andm-font-size-md"
"src/styles/overlays/drawer.css","@layer andm.components / .andm-drawer__body","line-height","var(--andm-line-height-tight)","--andm-line-height-tight"
"src/styles/overlays/drawer.css","@layer andm.components / .andm-drawer__body","color","var(--andm-color-on-surface-variant)","--andm-color-on-surface-variant"
"src/styles/overlays/drawer.css","@layer andm.components / .andm-drawer__actions","display","flex",""
"src/styles/overlays/drawer.css","@layer andm.components / .andm-drawer__actions","flex-wrap","wrap",""
"src/styles/overlays/drawer.css","@layer andm.components / .andm-drawer__actions","gap","var(--andm-space-2)","--andm-space-2"
"src/styles/overlays/drawer.css","@layer andm.components / .andm-drawer__actions","margin-top","auto",""
"src/styles/overlays/drawer.css","@layer andm.components / @media (prefers-reduced-motion: reduce) / .andm-drawer,
    .andm-drawer[open],
    .andm-drawer.is-closing","transform","none",""
"src/styles/overlays/popover.css","@layer andm.components / .andm-popover","position","relative",""
"src/styles/overlays/popover.css","@layer andm.components / .andm-popover","display","inline-flex",""
"src/styles/overlays/popover.css","@layer andm.components / .andm-popover","max-width","100%",""
"src/styles/overlays/popover.css","@layer andm.components / .andm-popover","font-family","var(--andm-font-family)","--andm-font-family"
"src/styles/overlays/popover.css","@layer andm.components / .andm-popover","color","var(--andm-color-on-surface)","--andm-color-on-surface"
"src/styles/overlays/popover.css","@layer andm.components / .andm-popover--top .andm-popover__panel","inset-block-start","auto",""
"src/styles/overlays/popover.css","@layer andm.components / .andm-popover--top .andm-popover__panel","inset-block-end","calc(100% + var(--andm-space-2))","--andm-space-2"
"src/styles/overlays/popover.css","@layer andm.components / .andm-popover--left .andm-popover__panel","inset-block-start","0",""
"src/styles/overlays/popover.css","@layer andm.components / .andm-popover--left .andm-popover__panel","inset-inline-start","auto",""
"src/styles/overlays/popover.css","@layer andm.components / .andm-popover--left .andm-popover__panel","inset-inline-end","calc(100% + var(--andm-space-2))","--andm-space-2"
"src/styles/overlays/popover.css","@layer andm.components / .andm-popover--right .andm-popover__panel","inset-block-start","0",""
"src/styles/overlays/popover.css","@layer andm.components / .andm-popover--right .andm-popover__panel","inset-inline-start","calc(100% + var(--andm-space-2))","--andm-space-2"
"src/styles/overlays/popover.css","@layer andm.components / .andm-popover__panel","position","absolute",""
"src/styles/overlays/popover.css","@layer andm.components / .andm-popover__panel","z-index","2",""
"src/styles/overlays/popover.css","@layer andm.components / .andm-popover__panel","inset-inline-start","0",""
"src/styles/overlays/popover.css","@layer andm.components / .andm-popover__panel","inset-block-start","calc(100% + var(--andm-space-2))","--andm-space-2"
"src/styles/overlays/popover.css","@layer andm.components / .andm-popover__panel","display","flex",""
"src/styles/overlays/popover.css","@layer andm.components / .andm-popover__panel","flex-direction","column",""
"src/styles/overlays/popover.css","@layer andm.components / .andm-popover__panel","gap","var(--andm-space-2)","--andm-space-2"
"src/styles/overlays/popover.css","@layer andm.components / .andm-popover__panel","width","max-content",""
"src/styles/overlays/popover.css","@layer andm.components / .andm-popover__panel","min-width","calc(var(--andm-space-24) * 2)","--andm-space-24"
"src/styles/overlays/popover.css","@layer andm.components / .andm-popover__panel","max-width","calc(var(--andm-space-24) * 4)","--andm-space-24"
"src/styles/overlays/popover.css","@layer andm.components / .andm-popover__panel","margin","0",""
"src/styles/overlays/popover.css","@layer andm.components / .andm-popover__panel","padding","var(--andm-space-4)","--andm-space-4"
"src/styles/overlays/popover.css","@layer andm.components / .andm-popover__panel","border","1px solid
      color-mix(in srgb, var(--andm-color-on-surface) 24%, transparent)","--andm-color-on-surface"
"src/styles/overlays/popover.css","@layer andm.components / .andm-popover__panel","border-radius","var(--andm-popover-radius, var(--andm-radius-md))","--andm-popover-radius --andm-radius-md"
"src/styles/overlays/popover.css","@layer andm.components / .andm-popover__panel","background","var(--andm-color-surface)","--andm-color-surface"
"src/styles/overlays/popover.css","@layer andm.components / .andm-popover__panel","color","var(--andm-color-on-surface)","--andm-color-on-surface"
"src/styles/overlays/popover.css","@layer andm.components / .andm-popover__panel","box-shadow","var(--andm-shadow-2)","--andm-shadow-2"
"src/styles/overlays/popover.css","@layer andm.components / .andm-popover__panel","transition","opacity var(--andm-motion-duration-short2)
        var(--andm-motion-easing-decelerate),
      transform var(--andm-motion-duration-short4)
        var(--andm-motion-easing-standard)","--andm-motion-duration-short2 --andm-motion-easing-decelerate --andm-motion-duration-short4 --andm-motion-easing-standard"
"src/styles/overlays/popover.css","@layer andm.components / .andm-popover__panel[hidden]","display","none",""
"src/styles/overlays/popover.css","@layer andm.components / .andm-popover__panel.is-closed","opacity","0",""
"src/styles/overlays/popover.css","@layer andm.components / .andm-popover__panel.is-closed","transform","translateY(calc(var(--andm-space-1) * -1))","--andm-space-1"
"src/styles/overlays/popover.css","@layer andm.components / .andm-popover__panel.is-closed","pointer-events","none",""
"src/styles/overlays/popover.css","@layer andm.components / .andm-popover__title","margin","0",""
"src/styles/overlays/popover.css","@layer andm.components / .andm-popover__title","font-size","var(--andm-font-size-md)","--andm-font-size-md"
"src/styles/overlays/popover.css","@layer andm.components / .andm-popover__title","font-weight","var(--andm-font-weight-medium)","--andm-font-weight-medium"
"src/styles/overlays/popover.css","@layer andm.components / .andm-popover__title","line-height","var(--andm-line-height-tight)","--andm-line-height-tight"
"src/styles/overlays/popover.css","@layer andm.components / .andm-popover__body","margin","0",""
"src/styles/overlays/popover.css","@layer andm.components / .andm-popover__body","font-size","var(--andm-font-size-md)","--andm-font-size-md"
"src/styles/overlays/popover.css","@layer andm.components / .andm-popover__body","line-height","var(--andm-line-height-tight)","--andm-line-height-tight"
"src/styles/overlays/popover.css","@layer andm.components / .andm-popover__body","color","var(--andm-color-on-surface-variant)","--andm-color-on-surface-variant"
"src/styles/overlays/popover.css","@layer andm.components / .andm-popover__actions","display","flex",""
"src/styles/overlays/popover.css","@layer andm.components / .andm-popover__actions","flex-wrap","wrap",""
"src/styles/overlays/popover.css","@layer andm.components / .andm-popover__actions","justify-content","flex-end",""
"src/styles/overlays/popover.css","@layer andm.components / .andm-popover__actions","gap","var(--andm-space-2)","--andm-space-2"
"src/styles/overlays/popover.css","@layer andm.components / @media (prefers-reduced-motion: reduce) / .andm-popover__panel,
    .andm-popover__panel.is-closed","transform","none",""
"src/styles/overlays/popover.css","@layer andm.components / @media (prefers-reduced-motion: reduce) / .andm-popover__panel,
    .andm-popover__panel.is-closed","transition","opacity var(--andm-motion-duration-short2)
        var(--andm-motion-easing-decelerate)","--andm-motion-duration-short2 --andm-motion-easing-decelerate"
"src/styles/overlays/tooltip.css","@layer andm.components / .andm-tooltip","position","relative",""
"src/styles/overlays/tooltip.css","@layer andm.components / .andm-tooltip","display","inline-flex",""
"src/styles/overlays/tooltip.css","@layer andm.components / .andm-tooltip","max-width","100%",""
"src/styles/overlays/tooltip.css","@layer andm.components / .andm-tooltip--top .andm-tooltip__bubble","inset-block-start","auto",""
"src/styles/overlays/tooltip.css","@layer andm.components / .andm-tooltip--top .andm-tooltip__bubble","inset-block-end","calc(100% + var(--andm-space-2))","--andm-space-2"
"src/styles/overlays/tooltip.css","@layer andm.components / .andm-tooltip--top .andm-tooltip__bubble","transform","translateY(calc(var(--andm-space-1) * -1))","--andm-space-1"
"src/styles/overlays/tooltip.css","@layer andm.components / .andm-tooltip--left .andm-tooltip__bubble","inset-block-start","50%",""
"src/styles/overlays/tooltip.css","@layer andm.components / .andm-tooltip--left .andm-tooltip__bubble","inset-inline-start","auto",""
"src/styles/overlays/tooltip.css","@layer andm.components / .andm-tooltip--left .andm-tooltip__bubble","inset-inline-end","calc(100% + var(--andm-space-2))","--andm-space-2"
"src/styles/overlays/tooltip.css","@layer andm.components / .andm-tooltip--left .andm-tooltip__bubble","transform","translate(var(--andm-space-1), -50%)","--andm-space-1"
"src/styles/overlays/tooltip.css","@layer andm.components / .andm-tooltip--right .andm-tooltip__bubble","inset-block-start","50%",""
"src/styles/overlays/tooltip.css","@layer andm.components / .andm-tooltip--right .andm-tooltip__bubble","inset-inline-start","calc(100% + var(--andm-space-2))","--andm-space-2"
"src/styles/overlays/tooltip.css","@layer andm.components / .andm-tooltip--right .andm-tooltip__bubble","transform","translate(calc(var(--andm-space-1) * -1), -50%)","--andm-space-1"
"src/styles/overlays/tooltip.css","@layer andm.components / .andm-tooltip__bubble","position","absolute",""
"src/styles/overlays/tooltip.css","@layer andm.components / .andm-tooltip__bubble","z-index","1",""
"src/styles/overlays/tooltip.css","@layer andm.components / .andm-tooltip__bubble","inset-inline-start","0",""
"src/styles/overlays/tooltip.css","@layer andm.components / .andm-tooltip__bubble","inset-block-start","calc(100% + var(--andm-space-2))","--andm-space-2"
"src/styles/overlays/tooltip.css","@layer andm.components / .andm-tooltip__bubble","width","max-content",""
"src/styles/overlays/tooltip.css","@layer andm.components / .andm-tooltip__bubble","overflow-wrap","anywhere",""
"src/styles/overlays/tooltip.css","@layer andm.components / .andm-tooltip__bubble","max-width","calc(var(--andm-space-24) * 3)","--andm-space-24"
"src/styles/overlays/tooltip.css","@layer andm.components / .andm-tooltip__bubble","margin","0",""
"src/styles/overlays/tooltip.css","@layer andm.components / .andm-tooltip__bubble","padding","var(--andm-space-1) var(--andm-space-2)","--andm-space-1 --andm-space-2"
"src/styles/overlays/tooltip.css","@layer andm.components / .andm-tooltip__bubble","border-radius","var(--andm-tooltip-radius, var(--andm-radius-sm))","--andm-tooltip-radius --andm-radius-sm"
"src/styles/overlays/tooltip.css","@layer andm.components / .andm-tooltip__bubble","background","var(--andm-color-on-surface)","--andm-color-on-surface"
"src/styles/overlays/tooltip.css","@layer andm.components / .andm-tooltip__bubble","color","var(--andm-color-surface)","--andm-color-surface"
"src/styles/overlays/tooltip.css","@layer andm.components / .andm-tooltip__bubble","box-shadow","var(--andm-shadow-1)","--andm-shadow-1"
"src/styles/overlays/tooltip.css","@layer andm.components / .andm-tooltip__bubble","font-family","var(--andm-font-family)","--andm-font-family"
"src/styles/overlays/tooltip.css","@layer andm.components / .andm-tooltip__bubble","font-size","var(--andm-font-size-sm)","--andm-font-size-sm"
"src/styles/overlays/tooltip.css","@layer andm.components / .andm-tooltip__bubble","font-weight","var(--andm-font-weight-medium)","--andm-font-weight-medium"
"src/styles/overlays/tooltip.css","@layer andm.components / .andm-tooltip__bubble","line-height","var(--andm-line-height-tight)","--andm-line-height-tight"
"src/styles/overlays/tooltip.css","@layer andm.components / .andm-tooltip__bubble","pointer-events","none",""
"src/styles/overlays/tooltip.css","@layer andm.components / .andm-tooltip__bubble","opacity","0",""
"src/styles/overlays/tooltip.css","@layer andm.components / .andm-tooltip__bubble","transform","translateY(var(--andm-space-1))","--andm-space-1"
"src/styles/overlays/tooltip.css","@layer andm.components / .andm-tooltip__bubble","transition","opacity var(--andm-motion-duration-short2)
        var(--andm-motion-easing-decelerate),
      transform var(--andm-motion-duration-short2)
        var(--andm-motion-easing-decelerate)","--andm-motion-duration-short2 --andm-motion-easing-decelerate"
"src/styles/overlays/tooltip.css","@layer andm.components / @media (max-width: 600px) / .andm-tooltip__bubble","max-width","100%",""
"src/styles/overlays/tooltip.css","@layer andm.components / .andm-tooltip:hover .andm-tooltip__bubble,
  .andm-tooltip:focus-within .andm-tooltip__bubble","opacity","1",""
"src/styles/overlays/tooltip.css","@layer andm.components / .andm-tooltip:hover .andm-tooltip__bubble,
  .andm-tooltip:focus-within .andm-tooltip__bubble","transform","none",""
"src/styles/overlays/tooltip.css","@layer andm.components / .andm-tooltip--left:hover .andm-tooltip__bubble,
  .andm-tooltip--left:focus-within .andm-tooltip__bubble,
  .andm-tooltip--right:hover .andm-tooltip__bubble,
  .andm-tooltip--right:focus-within .andm-tooltip__bubble","transform","translate(0, -50%)",""
"src/styles/overlays/tooltip.css","@layer andm.components / @media (prefers-reduced-motion: reduce) / .andm-tooltip__bubble,
    .andm-tooltip:hover .andm-tooltip__bubble,
    .andm-tooltip:focus-within .andm-tooltip__bubble","transition","opacity var(--andm-motion-duration-short2)
        var(--andm-motion-easing-decelerate)","--andm-motion-duration-short2 --andm-motion-easing-decelerate"
"src/styles/overlays/tooltip.css","@layer andm.components / @media (prefers-reduced-motion: reduce) / .andm-tooltip:not(.andm-tooltip--left):not(.andm-tooltip--right) .andm-tooltip__bubble,
    .andm-tooltip:not(.andm-tooltip--left):not(.andm-tooltip--right):hover .andm-tooltip__bubble,
    .andm-tooltip:not(.andm-tooltip--left):not(.andm-tooltip--right):focus-within .andm-tooltip__bubble","transform","none",""
"src/styles/overlays/tooltip.css","@layer andm.components / @media (prefers-reduced-motion: reduce) / .andm-tooltip--left .andm-tooltip__bubble,
    .andm-tooltip--right .andm-tooltip__bubble,
    .andm-tooltip--left:hover .andm-tooltip__bubble,
    .andm-tooltip--right:hover .andm-tooltip__bubble,
    .andm-tooltip--left:focus-within .andm-tooltip__bubble,
    .andm-tooltip--right:focus-within .andm-tooltip__bubble","transform","translate(0, -50%)",""
"src/styles/overlays/tooltip.css","@layer andm.components / .andm-tooltip:hover .andm-tooltip__bubble,.andm-tooltip:focus-within .andm-tooltip__bubble","pointer-events","auto",""
"src/styles/overlays/tooltip.css","@layer andm.components / .andm-tooltip__bubble::before","content","""""",""
"src/styles/overlays/tooltip.css","@layer andm.components / .andm-tooltip__bubble::before","position","absolute",""
"src/styles/overlays/tooltip.css","@layer andm.components / .andm-tooltip__bubble::before","inset","-.75rem",""
"src/styles/overlays/tooltip.css","@layer andm.components / .andm-tooltip__bubble::before","z-index","-1",""
"src/styles/overlays/tooltip.css","@layer andm.components / .andm-tooltip.is-dismissed .andm-tooltip__bubble","opacity","0",""
"src/styles/overlays/tooltip.css","@layer andm.components / .andm-tooltip.is-dismissed .andm-tooltip__bubble","pointer-events","none",""
"src/styles/patterns/compositions.css","@layer andm.components / .andm-field > .andm-helper,.andm-field > .andm-error","margin-block-start","calc(var(--andm-field-help-gap,var(--andm-space-2)) - var(--andm-field-gap,var(--andm-space-2)))","--andm-field-help-gap --andm-space-2 --andm-field-gap"
"src/styles/patterns/compositions.css","@layer andm.components / .andm-field","display","grid",""
"src/styles/patterns/compositions.css","@layer andm.components / .andm-field","gap","var(--andm-field-gap,var(--andm-space-2))","--andm-field-gap --andm-space-2"
"src/styles/patterns/compositions.css","@layer andm.components / .andm-field","min-width","0",""
"src/styles/patterns/compositions.css","@layer andm.components / .andm-search,.andm-filter-bar,.andm-form-actions,.andm-results-header,.andm-toolbar,.andm-header-nav","display","flex",""
"src/styles/patterns/compositions.css","@layer andm.components / .andm-search,.andm-filter-bar,.andm-form-actions,.andm-results-header,.andm-toolbar,.andm-header-nav","flex-wrap","wrap",""
"src/styles/patterns/compositions.css","@layer andm.components / .andm-search,.andm-filter-bar,.andm-form-actions,.andm-results-header,.andm-toolbar,.andm-header-nav","align-items","center",""
"src/styles/patterns/compositions.css","@layer andm.components / .andm-search,.andm-filter-bar,.andm-form-actions,.andm-results-header,.andm-toolbar,.andm-header-nav","gap","var(--andm-space-3)","--andm-space-3"
"src/styles/patterns/compositions.css","@layer andm.components / .andm-search,.andm-filter-bar,.andm-form-actions,.andm-results-header,.andm-toolbar,.andm-header-nav","min-width","0",""
"src/styles/patterns/compositions.css","@layer andm.components / .andm-field > .andm-select__native","appearance","auto",""
"src/styles/patterns/compositions.css","@layer andm.components / .andm-field > .andm-select__native","min-width","0",""
"src/styles/patterns/compositions.css","@layer andm.components / .andm-search-results","list-style","none",""
"src/styles/patterns/compositions.css","@layer andm.components / .andm-search-results","margin","0",""
"src/styles/patterns/compositions.css","@layer andm.components / .andm-search-results","padding","0",""
"src/styles/patterns/compositions.css","@layer andm.components / .andm-search","align-items","flex-end",""
"src/styles/patterns/compositions.css","@layer andm.components / .andm-search__field","flex","1 1 18rem",""
"src/styles/patterns/compositions.css","@layer andm.components / .andm-search__field","min-width","0",""
"src/styles/patterns/compositions.css","@layer andm.components / .andm-search__controls","align-items","stretch",""
"src/styles/patterns/compositions.css","@layer andm.components / .andm-search .andm-textfield__input,.andm-search .andm-btn","min-height","max(var(--andm-field-height,var(--andm-btn-height-md)),calc(var(--andm-type-body-size) * var(--andm-type-body-line-height) + .75rem))","--andm-field-height --andm-btn-height-md --andm-type-body-size --andm-type-body-line-height"
"src/styles/patterns/compositions.css","@layer andm.components / .andm-search__controls .andm-btn","white-space","normal",""
"src/styles/patterns/compositions.css","@layer andm.components / .andm-search__controls .andm-btn","overflow-wrap","anywhere",""
"src/styles/patterns/compositions.css","@layer andm.components / @media(max-width:600px) / .andm-search__field","flex-basis","100%",""
"src/styles/patterns/compositions.css","@layer andm.components / @media(max-width:600px) / .andm-search__controls","width","100%",""
"src/styles/patterns/compositions.css","@layer andm.components / @media(max-width:600px) / .andm-search__controls .andm-btn[type=""submit""]","flex","1",""
"src/styles/patterns/compositions.css","@layer andm.components / .andm-search__controls","display","flex",""
"src/styles/patterns/compositions.css","@layer andm.components / .andm-search__controls","flex-wrap","wrap",""
"src/styles/patterns/compositions.css","@layer andm.components / .andm-search__controls","gap","var(--andm-space-2)","--andm-space-2"
"src/styles/patterns/compositions.css","@layer andm.components / .andm-filter-bar","align-items","end",""
"src/styles/patterns/compositions.css","@layer andm.components / .andm-filter-bar","padding","var(--andm-space-4)","--andm-space-4"
"src/styles/patterns/compositions.css","@layer andm.components / .andm-filter-bar","background","var(--andm-color-surface)","--andm-color-surface"
"src/styles/patterns/compositions.css","@layer andm.components / .andm-filter-bar","border","1px solid var(--andm-color-outline-variant)","--andm-color-outline-variant"
"src/styles/patterns/compositions.css","@layer andm.components / .andm-filter-bar","border-radius","var(--andm-surface-radius,var(--andm-radius-md))","--andm-surface-radius --andm-radius-md"
"src/styles/patterns/compositions.css","@layer andm.components / .andm-filter-bar > .andm-field","flex","1 1 10rem",""
"src/styles/patterns/compositions.css","@layer andm.components / .andm-results-header","justify-content","space-between",""
"src/styles/patterns/compositions.css","@layer andm.components / .andm-results-header__summary","flex","1 1 12rem",""
"src/styles/patterns/compositions.css","@layer andm.components / .andm-results-header__summary","min-width","0",""
"src/styles/patterns/compositions.css","@layer andm.components / .andm-results-header__summary","overflow-wrap","anywhere",""
"src/styles/patterns/compositions.css","@layer andm.components / .andm-form-actions","justify-content","flex-end",""
"src/styles/patterns/compositions.css","@layer andm.components / .andm-header-nav","padding","var(--andm-space-4)","--andm-space-4"
"src/styles/patterns/compositions.css","@layer andm.components / .andm-header-nav","border-block-end","1px solid var(--andm-color-outline-variant)","--andm-color-outline-variant"
"src/styles/patterns/compositions.css","@layer andm.components / .andm-header-nav","background","var(--andm-color-surface)","--andm-color-surface"
"src/styles/patterns/compositions.css","@layer andm.components / .andm-header-nav__brand","font-family","var(--andm-type-heading-font)","--andm-type-heading-font"
"src/styles/patterns/compositions.css","@layer andm.components / .andm-header-nav__brand","font-size","var(--andm-type-title-size)","--andm-type-title-size"
"src/styles/patterns/compositions.css","@layer andm.components / .andm-header-nav__brand","font-weight","var(--andm-type-title-weight)","--andm-type-title-weight"
"src/styles/patterns/compositions.css","@layer andm.components / .andm-header-nav__brand","line-height","var(--andm-type-title-line-height)","--andm-type-title-line-height"
"src/styles/patterns/compositions.css","@layer andm.components / .andm-header-nav__brand","color","var(--andm-color-on-surface)","--andm-color-on-surface"
"src/styles/patterns/compositions.css","@layer andm.components / .andm-header-nav__brand","text-decoration","none",""
"src/styles/patterns/compositions.css","@layer andm.components / .andm-header-nav__brand","overflow-wrap","anywhere",""
"src/styles/patterns/compositions.css","@layer andm.components / .andm-header-nav__links,.andm-bottom-nav__list","display","flex",""
"src/styles/patterns/compositions.css","@layer andm.components / .andm-header-nav__links,.andm-bottom-nav__list","flex-wrap","wrap",""
"src/styles/patterns/compositions.css","@layer andm.components / .andm-header-nav__links,.andm-bottom-nav__list","gap","var(--andm-space-2)","--andm-space-2"
"src/styles/patterns/compositions.css","@layer andm.components / .andm-header-nav__links,.andm-bottom-nav__list","list-style","none",""
"src/styles/patterns/compositions.css","@layer andm.components / .andm-header-nav__links,.andm-bottom-nav__list","margin","0",""
"src/styles/patterns/compositions.css","@layer andm.components / .andm-header-nav__links,.andm-bottom-nav__list","padding","0",""
"src/styles/patterns/compositions.css","@layer andm.components / .andm-header-nav__account","margin-inline-start","auto",""
"src/styles/patterns/compositions.css","@layer andm.components / .andm-nav-link","display","flex",""
"src/styles/patterns/compositions.css","@layer andm.components / .andm-nav-link","align-items","center",""
"src/styles/patterns/compositions.css","@layer andm.components / .andm-nav-link","gap","var(--andm-space-2)","--andm-space-2"
"src/styles/patterns/compositions.css","@layer andm.components / .andm-nav-link","min-height","2.75rem",""
"src/styles/patterns/compositions.css","@layer andm.components / .andm-nav-link","padding","var(--andm-space-2) var(--andm-space-3)","--andm-space-2 --andm-space-3"
"src/styles/patterns/compositions.css","@layer andm.components / .andm-nav-link","border-radius","var(--andm-field-radius,var(--andm-radius-md))","--andm-field-radius --andm-radius-md"
"src/styles/patterns/compositions.css","@layer andm.components / .andm-nav-link","color","var(--andm-color-on-surface)","--andm-color-on-surface"
"src/styles/patterns/compositions.css","@layer andm.components / .andm-nav-link","font-family","var(--andm-type-body-font)","--andm-type-body-font"
"src/styles/patterns/compositions.css","@layer andm.components / .andm-nav-link","font-size","var(--andm-type-label-size)","--andm-type-label-size"
"src/styles/patterns/compositions.css","@layer andm.components / .andm-nav-link","font-weight","var(--andm-type-label-weight)","--andm-type-label-weight"
"src/styles/patterns/compositions.css","@layer andm.components / .andm-nav-link","line-height","var(--andm-type-label-line-height)","--andm-type-label-line-height"
"src/styles/patterns/compositions.css","@layer andm.components / .andm-nav-link","letter-spacing","var(--andm-type-label-tracking)","--andm-type-label-tracking"
"src/styles/patterns/compositions.css","@layer andm.components / .andm-nav-link","text-decoration","none",""
"src/styles/patterns/compositions.css","@layer andm.components / .andm-nav-link","overflow-wrap","anywhere",""
"src/styles/patterns/compositions.css","@layer andm.components / .andm-nav-link","transition","background-color var(--andm-motion-duration-short2) var(--andm-motion-easing-decelerate)","--andm-motion-duration-short2 --andm-motion-easing-decelerate"
"src/styles/patterns/compositions.css","@layer andm.components / .andm-nav-link:hover","background","var(--andm-color-secondary-container)","--andm-color-secondary-container"
"src/styles/patterns/compositions.css","@layer andm.components / .andm-nav-link:hover","text-decoration","underline",""
"src/styles/patterns/compositions.css","@layer andm.components / .andm-nav-link:active","transition-duration","var(--andm-motion-duration-short1)","--andm-motion-duration-short1"
"src/styles/patterns/compositions.css","@layer andm.components / .andm-nav-link:active","transition-timing-function","var(--andm-motion-easing-accelerate)","--andm-motion-easing-accelerate"
"src/styles/patterns/compositions.css","@layer andm.components / .andm-nav-link[aria-current=""page""]","background","var(--andm-color-secondary-container)","--andm-color-secondary-container"
"src/styles/patterns/compositions.css","@layer andm.components / .andm-nav-link[aria-current=""page""]","color","var(--andm-color-on-secondary-container)","--andm-color-on-secondary-container"
"src/styles/patterns/compositions.css","@layer andm.components / .andm-nav-link[aria-current=""page""]","box-shadow","inset 0 -3px var(--andm-color-primary)","--andm-color-primary"
"src/styles/patterns/compositions.css","@layer andm.components / .andm-nav-link:focus-visible,.andm-side-nav summary:focus-visible","outline","var(--andm-focus-ring-width) var(--andm-focus-ring-style) var(--andm-focus-ring-color)","--andm-focus-ring-width --andm-focus-ring-style --andm-focus-ring-color"
"src/styles/patterns/compositions.css","@layer andm.components / .andm-nav-link:focus-visible,.andm-side-nav summary:focus-visible","outline-offset","var(--andm-focus-ring-offset)","--andm-focus-ring-offset"
"src/styles/patterns/compositions.css","@layer andm.components / .andm-side-nav","padding","var(--andm-space-3)","--andm-space-3"
"src/styles/patterns/compositions.css","@layer andm.components / .andm-side-nav","border-inline-end","1px solid var(--andm-color-outline-variant)","--andm-color-outline-variant"
"src/styles/patterns/compositions.css","@layer andm.components / .andm-side-nav ul","list-style","none",""
"src/styles/patterns/compositions.css","@layer andm.components / .andm-side-nav ul","padding","0",""
"src/styles/patterns/compositions.css","@layer andm.components / .andm-side-nav ul","margin","0",""
"src/styles/patterns/compositions.css","@layer andm.components / .andm-side-nav ul","display","grid",""
"src/styles/patterns/compositions.css","@layer andm.components / .andm-side-nav ul","gap","var(--andm-space-1)","--andm-space-1"
"src/styles/patterns/compositions.css","@layer andm.components / .andm-side-nav details ul","padding-inline-start","var(--andm-space-4)","--andm-space-4"
"src/styles/patterns/compositions.css","@layer andm.components / .andm-side-nav summary","padding","var(--andm-space-3)","--andm-space-3"
"src/styles/patterns/compositions.css","@layer andm.components / .andm-side-nav summary","cursor","pointer",""
"src/styles/patterns/compositions.css","@layer andm.components / .andm-side-nav summary","min-height","2.75rem",""
"src/styles/patterns/compositions.css","@layer andm.components / .andm-side-nav summary","font-size","var(--andm-type-label-size)","--andm-type-label-size"
"src/styles/patterns/compositions.css","@layer andm.components / .andm-side-nav summary","font-weight","var(--andm-type-label-weight)","--andm-type-label-weight"
"src/styles/patterns/compositions.css","@layer andm.components / .andm-mobile-nav","display","grid",""
"src/styles/patterns/compositions.css","@layer andm.components / .andm-mobile-nav","gap","var(--andm-space-2)","--andm-space-2"
"src/styles/patterns/compositions.css","@layer andm.components / .andm-mobile-nav__panel","padding","var(--andm-space-3)","--andm-space-3"
"src/styles/patterns/compositions.css","@layer andm.components / .andm-mobile-nav__panel","border","1px solid var(--andm-color-outline-variant)","--andm-color-outline-variant"
"src/styles/patterns/compositions.css","@layer andm.components / .andm-mobile-nav__panel","border-radius","var(--andm-surface-radius,var(--andm-radius-md))","--andm-surface-radius --andm-radius-md"
"src/styles/patterns/compositions.css","@layer andm.components / .andm-mobile-nav__panel","background","var(--andm-color-surface)","--andm-color-surface"
"src/styles/patterns/compositions.css","@layer andm.components / .andm-bottom-nav","padding","var(--andm-space-2)","--andm-space-2"
"src/styles/patterns/compositions.css","@layer andm.components / .andm-bottom-nav","padding-block-end","max(var(--andm-space-2),env(safe-area-inset-bottom))","--andm-space-2"
"src/styles/patterns/compositions.css","@layer andm.components / .andm-bottom-nav","border-block-start","1px solid var(--andm-color-outline-variant)","--andm-color-outline-variant"
"src/styles/patterns/compositions.css","@layer andm.components / .andm-bottom-nav","background","var(--andm-color-surface)","--andm-color-surface"
"src/styles/patterns/compositions.css","@layer andm.components / .andm-bottom-nav__list > li","flex","1 1 4rem",""
"src/styles/patterns/compositions.css","@layer andm.components / .andm-bottom-nav__list > li","min-width","0",""
"src/styles/patterns/compositions.css","@layer andm.components / .andm-bottom-nav .andm-nav-link","flex-direction","column",""
"src/styles/patterns/compositions.css","@layer andm.components / .andm-bottom-nav .andm-nav-link","justify-content","center",""
"src/styles/patterns/compositions.css","@layer andm.components / .andm-bottom-nav .andm-nav-link","text-align","center",""
"src/styles/patterns/compositions.css","@layer andm.components / .andm-toolbar","padding","var(--andm-space-2)","--andm-space-2"
"src/styles/patterns/compositions.css","@layer andm.components / .andm-toolbar","border","1px solid var(--andm-color-outline-variant)","--andm-color-outline-variant"
"src/styles/patterns/compositions.css","@layer andm.components / .andm-toolbar","border-radius","var(--andm-surface-radius,var(--andm-radius-md))","--andm-surface-radius --andm-radius-md"
"src/styles/patterns/compositions.css","@layer andm.components / .andm-action-menu","position","relative",""
"src/styles/patterns/compositions.css","@layer andm.components / .andm-action-menu","max-width","100%",""
"src/styles/patterns/compositions.css","@layer andm.components / .andm-action-menu__panel","--andm-surface-radius","var(--andm-menu-radius,var(--andm-radius-md))","--andm-menu-radius --andm-radius-md"
"src/styles/patterns/compositions.css","@layer andm.components / .andm-action-menu__panel","position","absolute",""
"src/styles/patterns/compositions.css","@layer andm.components / .andm-action-menu__panel","inset-block-start","calc(100% + var(--andm-space-1))","--andm-space-1"
"src/styles/patterns/compositions.css","@layer andm.components / .andm-action-menu__panel","inset-inline-start","0",""
"src/styles/patterns/compositions.css","@layer andm.components / .andm-action-menu__panel","z-index","3",""
"src/styles/patterns/compositions.css","@layer andm.components / .andm-action-menu__panel","display","grid",""
"src/styles/patterns/compositions.css","@layer andm.components / .andm-action-menu__panel","min-width","min(12rem,100%)",""
"src/styles/patterns/compositions.css","@layer andm.components / .andm-action-menu__panel","max-width","100%",""
"src/styles/patterns/compositions.css","@layer andm.components / .andm-action-menu__panel","padding","var(--andm-space-2)","--andm-space-2"
"src/styles/patterns/compositions.css","@layer andm.components / .andm-action-menu__panel","border","1px solid var(--andm-color-outline-variant)","--andm-color-outline-variant"
"src/styles/patterns/compositions.css","@layer andm.components / .andm-action-menu__panel","border-radius","var(--andm-surface-radius,var(--andm-radius-md))","--andm-surface-radius --andm-radius-md"
"src/styles/patterns/compositions.css","@layer andm.components / .andm-action-menu__panel","background","var(--andm-color-surface)","--andm-color-surface"
"src/styles/patterns/compositions.css","@layer andm.components / .andm-action-menu__panel","box-shadow","var(--andm-shadow-2)","--andm-shadow-2"
"src/styles/patterns/compositions.css","@layer andm.components / .andm-resource-item","display","flex",""
"src/styles/patterns/compositions.css","@layer andm.components / .andm-resource-item","align-items","center",""
"src/styles/patterns/compositions.css","@layer andm.components / .andm-resource-item","flex-wrap","wrap",""
"src/styles/patterns/compositions.css","@layer andm.components / .andm-resource-item","gap","var(--andm-space-3)","--andm-space-3"
"src/styles/patterns/compositions.css","@layer andm.components / .andm-resource-item","padding","var(--andm-space-4)","--andm-space-4"
"src/styles/patterns/compositions.css","@layer andm.components / .andm-resource-item","border-block-end","1px solid var(--andm-color-outline-variant)","--andm-color-outline-variant"
"src/styles/patterns/compositions.css","@layer andm.components / .andm-resource-item__content","flex","1 1 12rem",""
"src/styles/patterns/compositions.css","@layer andm.components / .andm-resource-item__content","min-width","0",""
"src/styles/patterns/compositions.css","@layer andm.components / .andm-resource-item__content","overflow-wrap","anywhere",""
"src/styles/patterns/compositions.css","@layer andm.components / .andm-resource-item__content > *","margin","0",""
"src/styles/patterns/compositions.css","@layer andm.components / .andm-empty-state","display","grid",""
"src/styles/patterns/compositions.css","@layer andm.components / .andm-empty-state","justify-items","start",""
"src/styles/patterns/compositions.css","@layer andm.components / .andm-empty-state","gap","var(--andm-space-3)","--andm-space-3"
"src/styles/patterns/compositions.css","@layer andm.components / .andm-empty-state","padding","var(--andm-space-6)","--andm-space-6"
"src/styles/patterns/compositions.css","@layer andm.components / .andm-empty-state","border","1px dashed var(--andm-color-outline)","--andm-color-outline"
"src/styles/patterns/compositions.css","@layer andm.components / .andm-empty-state","border-radius","var(--andm-surface-radius,var(--andm-radius-md))","--andm-surface-radius --andm-radius-md"
"src/styles/patterns/compositions.css","@layer andm.components / .andm-empty-state","overflow-wrap","anywhere",""
"src/styles/patterns/compositions.css","@layer andm.components / .andm-empty-state > *","margin","0",""
"src/styles/patterns/compositions.css","@layer andm.components / .andm-loading-state","display","flex",""
"src/styles/patterns/compositions.css","@layer andm.components / .andm-loading-state","align-items","center",""
"src/styles/patterns/compositions.css","@layer andm.components / .andm-loading-state","gap","var(--andm-space-3)","--andm-space-3"
"src/styles/patterns/compositions.css","@layer andm.components / .andm-loading-state","padding","var(--andm-space-4)","--andm-space-4"
"src/styles/patterns/compositions.css","@layer andm.components / .andm-pagination__page,.andm-pagination__control","height","auto",""
"src/styles/patterns/compositions.css","@layer andm.components / .andm-pagination__page,.andm-pagination__control","min-height","2.75rem",""
"src/styles/patterns/compositions.css","@layer andm.components / .andm-pagination__page,.andm-pagination__control","min-width","2.75rem",""
"src/styles/patterns/compositions.css","@layer andm.components / .andm-pagination__page,.andm-pagination__control","padding-block","var(--andm-space-2)","--andm-space-2"
"src/styles/patterns/compositions.css","@layer andm.components / @media (prefers-reduced-motion:reduce) / .andm-nav-link","transition","none",""
"src/styles/series/apple.css","@layer andm.tokens / .andm-series--apple","--andm-font-family","-apple-system, BlinkMacSystemFont, ""Hiragino Sans"",
        ""Segoe UI"", sans-serif",""
"src/styles/series/atlassian.css","@layer andm.tokens / .andm-series--atlassian","--andm-font-family","""Atlassian Sans"", ui-sans-serif, system-ui, sans-serif",""
"src/styles/series/atlassian.css","@layer andm.tokens / .andm-series--atlassian","--andm-font-size-sm","12px",""
"src/styles/series/atlassian.css","@layer andm.tokens / .andm-series--atlassian","--andm-font-size-md","14px",""
"src/styles/series/atlassian.css","@layer andm.tokens / .andm-series--atlassian","--andm-font-size-lg","16px",""
"src/styles/series/atlassian.css","@layer andm.tokens / .andm-series--atlassian","--andm-line-height-tight","calc(20 / 14)",""
"src/styles/series/atlassian.css","@layer andm.tokens / .andm-series--atlassian","--andm-btn-radius","6px",""
"src/styles/series/atlassian.css","@layer andm.tokens / .andm-series--atlassian","--andm-btn-radius-pressed","6px",""
"src/styles/series/atlassian.css","@layer andm.tokens / .andm-series--atlassian","--andm-field-radius","6px",""
"src/styles/series/atlassian.css","@layer andm.tokens / .andm-series--atlassian","--andm-field-border-width","1px",""
"src/styles/series/atlassian.css","@layer andm.tokens / .andm-series--atlassian","--andm-surface-radius","8px",""
"src/styles/series/atlassian.css","@layer andm.tokens / .andm-series--atlassian","--andm-dialog-radius","12px",""
"src/styles/series/atlassian.css","@layer andm.tokens / .andm-series--atlassian","--andm-alert-radius","8px",""
"src/styles/series/atlassian.css","@layer andm.tokens / .andm-series--atlassian","--andm-badge-radius","2px",""
"src/styles/series/atlassian.css","@layer andm.tokens / .andm-series--atlassian","--andm-check-radius","2px",""
"src/styles/series/atlassian.css","@layer andm.tokens / .andm-series--atlassian","--andm-focus-ring-width","2px",""
"src/styles/series/atlassian.css","@layer andm.tokens / .andm-series--atlassian","--andm-focus-ring-offset","2px",""
"src/styles/series/atlassian.css","@layer andm.tokens / .andm-series--atlassian","--andm-tabs-indicator-width","2px",""
"src/styles/series/atlassian.css","@layer andm.tokens / .andm-series--atlassian","--andm-divider-color","var(--andm-color-outline-variant)","--andm-color-outline-variant"
"src/styles/series/atlassian.css","@layer andm.tokens / .andm-series--atlassian","--andm-motion-easing-decelerate","cubic-bezier(0.4, 1, 0.6, 1)",""
"src/styles/series/atlassian.css","@layer andm.tokens / .andm-series--atlassian","--andm-menu-radius","8px",""
"src/styles/series/atlassian.css","@layer andm.tokens / .andm-series--atlassian","--andm-popover-radius","8px",""
"src/styles/series/atlassian.css","@layer andm.tokens / .andm-series--atlassian","--andm-tooltip-radius","4px",""
"src/styles/series/atlassian.css","@layer andm.tokens / .andm-series--atlassian","--andm-code-radius","2px",""
"src/styles/series/carbon.css","@layer andm.tokens / .andm-series--carbon","--andm-color-primary","#0f62fe",""
"src/styles/series/carbon.css","@layer andm.tokens / .andm-series--carbon","--andm-color-primary-rgb","15 98 254",""
"src/styles/series/carbon.css","@layer andm.tokens / .andm-series--carbon","--andm-color-primary-hover","#0353e9",""
"src/styles/series/carbon.css","@layer andm.tokens / .andm-series--carbon","--andm-color-primary-active","#002d9c",""
"src/styles/series/carbon.css","@layer andm.tokens / .andm-series--carbon","--andm-color-on-primary","var(--andm-color-white)","--andm-color-white"
"src/styles/series/carbon.css","@layer andm.tokens / .andm-series--carbon","--andm-color-secondary-container","#393939",""
"src/styles/series/carbon.css","@layer andm.tokens / .andm-series--carbon","--andm-color-on-secondary-container","var(--andm-color-white)","--andm-color-white"
"src/styles/series/carbon.css","@layer andm.tokens / .andm-series--carbon","--andm-color-surface","var(--andm-color-white)","--andm-color-white"
"src/styles/series/carbon.css","@layer andm.tokens / .andm-series--carbon","--andm-color-on-surface","#161616",""
"src/styles/series/carbon.css","@layer andm.tokens / .andm-series--carbon","--andm-color-on-surface-variant","#525252",""
"src/styles/series/carbon.css","@layer andm.tokens / .andm-series--carbon","--andm-color-outline","#0f62fe",""
"src/styles/series/carbon.css","@layer andm.tokens / .andm-series--carbon","--andm-color-disabled-container","var(--andm-color-neutral-80)","--andm-color-neutral-80"
"src/styles/series/carbon.css","@layer andm.tokens / .andm-series--carbon","--andm-color-on-disabled","#8d8d8d",""
"src/styles/series/carbon.css","@layer andm.tokens / .andm-series--carbon","--andm-focus-ring-color","#0f62fe",""
"src/styles/series/carbon.css","@layer andm.tokens / .andm-series--carbon","--andm-focus-ring-width","var(--andm-space-05)","--andm-space-05"
"src/styles/series/carbon.css","@layer andm.tokens / .andm-series--carbon","--andm-font-family","""IBM Plex Sans"", ""IBM Plex Sans JP"", system-ui, sans-serif",""
"src/styles/series/carbon.css","@layer andm.tokens / .andm-series--carbon","--andm-font-weight-medium","400",""
"src/styles/series/carbon.css","@layer andm.tokens / .andm-series--carbon","--andm-font-size-md","14px",""
"src/styles/series/carbon.css","@layer andm.tokens / .andm-series--carbon","--andm-btn-radius","0",""
"src/styles/series/carbon.css","@layer andm.tokens / .andm-series--carbon","--andm-btn-radius-pressed","0",""
"src/styles/series/carbon.css","@layer andm.tokens / .andm-series--carbon","--andm-btn-height-sm","var(--andm-space-8)","--andm-space-8"
"src/styles/series/carbon.css","@layer andm.tokens / .andm-series--carbon","--andm-btn-height-md","var(--andm-space-10)","--andm-space-10"
"src/styles/series/carbon.css","@layer andm.tokens / .andm-series--carbon","--andm-btn-height-lg","var(--andm-space-12)","--andm-space-12"
"src/styles/series/carbon.css","@layer andm.tokens / .andm-series--carbon","--andm-btn-padding-x-sm","var(--andm-space-4)","--andm-space-4"
"src/styles/series/carbon.css","@layer andm.tokens / .andm-series--carbon","--andm-btn-padding-x-md","var(--andm-space-4)","--andm-space-4"
"src/styles/series/carbon.css","@layer andm.tokens / .andm-series--carbon","--andm-btn-padding-x-lg","var(--andm-space-4)","--andm-space-4"
"src/styles/series/carbon.css","@layer andm.tokens / .andm-series--carbon","--andm-shadow-1","none",""
"src/styles/series/carbon.css","@layer andm.tokens / .andm-series--carbon","--andm-shadow-2","none",""
"src/styles/series/carbon.css","@layer andm.tokens / .andm-series--carbon","--andm-btn-press-scale","1",""
"src/styles/series/carbon.css","@layer andm.tokens / .andm-series--carbon","--andm-motion-duration-short1","70ms",""
"src/styles/series/carbon.css","@layer andm.tokens / .andm-series--carbon","--andm-motion-duration-short2","70ms",""
"src/styles/series/carbon.css","@layer andm.tokens / .andm-series--carbon","--andm-motion-easing-standard","cubic-bezier(0.2, 0, 0.38, 0.9)",""
"src/styles/series/carbon.css","@layer andm.tokens / .andm-series--carbon","--andm-motion-easing-decelerate","cubic-bezier(0, 0, 0.38, 0.9)",""
"src/styles/series/carbon.css","@layer andm.tokens / .andm-series--carbon","--andm-motion-easing-accelerate","cubic-bezier(0, 0, 0.38, 0.9)",""
"src/styles/series/carbon.css","@layer andm.tokens / .andm-series--carbon","--andm-field-radius","4px",""
"src/styles/series/carbon.css","@layer andm.tokens / .andm-series--carbon","--andm-surface-radius","4px",""
"src/styles/series/carbon.css","@layer andm.tokens / .andm-series--carbon","--andm-dialog-radius","8px",""
"src/styles/series/carbon.css","@layer andm.tokens / .andm-series--carbon","--andm-alert-radius","4px",""
"src/styles/series/carbon.css","@layer andm.tokens / .andm-series--carbon","--andm-badge-radius","4px",""
"src/styles/series/carbon.css","@layer andm.tokens / .andm-series--carbon","--andm-check-radius","4px",""
"src/styles/series/carbon.css","@layer andm.tokens / .andm-series--carbon","--andm-control-focus-width","2px",""
"src/styles/series/carbon.css","@layer andm.tokens / .andm-series--carbon","--andm-control-focus-offset","-2px",""
"src/styles/series/carbon.css","@layer andm.tokens / .andm-series--carbon","--andm-control-focus-shadow","inset 0 0 0 1px var(--andm-focus-ring-color)","--andm-focus-ring-color"
"src/styles/series/carbon.css","@layer andm.tokens / .andm-series--carbon","--andm-divider-color","var(--andm-color-outline-variant)","--andm-color-outline-variant"
"src/styles/series/carbon.css","@layer andm.tokens / .andm-series--carbon","--andm-table-header-weight","600",""
"src/styles/series/carbon.css","@layer andm.tokens / .andm-series--carbon","--andm-segmented-radius","4px",""
"src/styles/series/carbon.css","@layer andm.tokens / .andm-series--carbon","--andm-toast-enter-duration","240ms",""
"src/styles/series/carbon.css","@layer andm.tokens / .andm-series--carbon","--andm-toast-enter-easing","var(--andm-motion-easing-decelerate)","--andm-motion-easing-decelerate"
"src/styles/series/carbon.css","@layer andm.tokens / .andm-series--carbon","--andm-tabs-selected-weight","600",""
"src/styles/series/carbon.css","@layer andm.tokens / .andm-series--carbon","--andm-spinner-duration","690ms",""
"src/styles/series/carbon.css","@layer andm.tokens / .andm-series--carbon","--andm-field-height","40px",""
"src/styles/series/carbon.css","@layer andm.tokens / .andm-series--carbon","--andm-field-padding-x","16px",""
"src/styles/series/carbon.css","@layer andm.tokens / .andm-series--carbon","--andm-field-gap","8px",""
"src/styles/series/carbon.css","@layer andm.tokens / .andm-series--carbon","--andm-field-help-gap","4px",""
"src/styles/series/dads.css","@layer andm.tokens / .andm-series--dads","--andm-color-primary","#0017c1",""
"src/styles/series/dads.css","@layer andm.tokens / .andm-series--dads","--andm-color-primary-rgb","0 23 193",""
"src/styles/series/dads.css","@layer andm.tokens / .andm-series--dads","--andm-color-primary-hover","#00118f",""
"src/styles/series/dads.css","@layer andm.tokens / .andm-series--dads","--andm-color-primary-active","#000060",""
"src/styles/series/dads.css","@layer andm.tokens / .andm-series--dads","--andm-color-primary-soft","#e8f1fe",""
"src/styles/series/dads.css","@layer andm.tokens / .andm-series--dads","--andm-color-primary-muted","#d9e6ff",""
"src/styles/series/dads.css","@layer andm.tokens / .andm-series--dads","--andm-color-primary-wash","#c5d7fb",""
"src/styles/series/dads.css","@layer andm.tokens / .andm-series--dads","--andm-color-primary-wash-strong","#9db7f9",""
"src/styles/series/dads.css","@layer andm.tokens / .andm-series--dads","--andm-color-on-primary","var(--andm-color-white)","--andm-color-white"
"src/styles/series/dads.css","@layer andm.tokens / .andm-series--dads","--andm-color-secondary-container","#d9e6ff",""
"src/styles/series/dads.css","@layer andm.tokens / .andm-series--dads","--andm-color-on-secondary-container","#0017c1",""
"src/styles/series/dads.css","@layer andm.tokens / .andm-series--dads","--andm-color-surface","var(--andm-color-white)","--andm-color-white"
"src/styles/series/dads.css","@layer andm.tokens / .andm-series--dads","--andm-color-on-surface","#1a1a1a",""
"src/styles/series/dads.css","@layer andm.tokens / .andm-series--dads","--andm-color-on-surface-variant","#4d4d4d",""
"src/styles/series/dads.css","@layer andm.tokens / .andm-series--dads","--andm-color-outline","#0017c1",""
"src/styles/series/dads.css","@layer andm.tokens / .andm-series--dads","--andm-color-line","#767676",""
"src/styles/series/dads.css","@layer andm.tokens / .andm-series--dads","--andm-color-disabled-container","#b3b3b3",""
"src/styles/series/dads.css","@layer andm.tokens / .andm-series--dads","--andm-color-on-disabled","#b3b3b3",""
"src/styles/series/dads.css","@layer andm.tokens / .andm-series--dads","--andm-color-disabled-outline","#b3b3b3",""
"src/styles/series/dads.css","@layer andm.tokens / .andm-series--dads","--andm-color-on-disabled-fill","var(--andm-color-neutral-95)","--andm-color-neutral-95"
"src/styles/series/dads.css","@layer andm.tokens / .andm-series--dads","--andm-focus-ring-color","var(--andm-color-neutral-0)","--andm-color-neutral-0"
"src/styles/series/dads.css","@layer andm.tokens / .andm-series--dads","--andm-focus-ring-width","var(--andm-space-1)","--andm-space-1"
"src/styles/series/dads.css","@layer andm.tokens / .andm-series--dads","--andm-focus-ring-offset","var(--andm-space-05)","--andm-space-05"
"src/styles/series/dads.css","@layer andm.tokens / .andm-series--dads","--andm-focus-ring-inner","#ffd43d",""
"src/styles/series/dads.css","@layer andm.tokens / .andm-series--dads","--andm-font-family","""Noto Sans JP"", ""Hiragino Sans"",
        ""Hiragino Kaku Gothic ProN"", ""BIZ UDPGothic"", ""Yu Gothic"", ""YuGothic"",
        ""Meiryo"", sans-serif",""
"src/styles/series/dads.css","@layer andm.tokens / .andm-series--dads","--andm-font-weight-medium","700",""
"src/styles/series/dads.css","@layer andm.tokens / .andm-series--dads","--andm-font-size-sm","var(--andm-font-size-lg)","--andm-font-size-lg"
"src/styles/series/dads.css","@layer andm.tokens / .andm-series--dads","--andm-font-size-md","var(--andm-font-size-lg)","--andm-font-size-lg"
"src/styles/series/dads.css","@layer andm.tokens / .andm-series--dads","--andm-font-size-lg","16px",""
"src/styles/series/dads.css","@layer andm.tokens / .andm-series--dads","--andm-line-height-tight","1",""
"src/styles/series/dads.css","@layer andm.tokens / .andm-series--dads","--andm-shadow-1","none",""
"src/styles/series/dads.css","@layer andm.tokens / .andm-series--dads","--andm-shadow-2","none",""
"src/styles/series/dads.css","@layer andm.tokens / .andm-series--dads","--andm-btn-height-sm","36px",""
"src/styles/series/dads.css","@layer andm.tokens / .andm-series--dads","--andm-btn-height-md","var(--andm-space-12)","--andm-space-12"
"src/styles/series/dads.css","@layer andm.tokens / .andm-series--dads","--andm-btn-height-lg","56px",""
"src/styles/series/dads.css","@layer andm.tokens / .andm-series--dads","--andm-btn-padding-x-sm","var(--andm-space-3)","--andm-space-3"
"src/styles/series/dads.css","@layer andm.tokens / .andm-series--dads","--andm-btn-padding-x-md","var(--andm-space-4)","--andm-space-4"
"src/styles/series/dads.css","@layer andm.tokens / .andm-series--dads","--andm-btn-padding-x-lg","var(--andm-space-4)","--andm-space-4"
"src/styles/series/dads.css","@layer andm.tokens / .andm-series--dads","--andm-btn-radius","var(--andm-radius-sm)","--andm-radius-sm"
"src/styles/series/dads.css","@layer andm.tokens / .andm-series--dads","--andm-btn-radius-pressed","var(--andm-radius-sm)","--andm-radius-sm"
"src/styles/series/dads.css","@layer andm.tokens / .andm-series--dads","--andm-btn-press-scale","1",""
"src/styles/series/dads.css","@layer andm.tokens / .andm-series--dads","--andm-divider-color","var(--andm-color-outline-variant)","--andm-color-outline-variant"
"src/styles/series/dense.css","@layer andm.tokens / .andm-series--dense","--andm-btn-radius","var(--andm-space-1)","--andm-space-1"
"src/styles/series/dense.css","@layer andm.tokens / .andm-series--dense","--andm-btn-radius-pressed","var(--andm-space-1)","--andm-space-1"
"src/styles/series/dense.css","@layer andm.tokens / .andm-series--dense","--andm-btn-height-sm","var(--andm-space-6)","--andm-space-6"
"src/styles/series/dense.css","@layer andm.tokens / .andm-series--dense","--andm-btn-height-md","28px",""
"src/styles/series/dense.css","@layer andm.tokens / .andm-series--dense","--andm-btn-height-lg","var(--andm-space-8)","--andm-space-8"
"src/styles/series/dense.css","@layer andm.tokens / .andm-series--dense","--andm-btn-padding-x-sm","var(--andm-space-2)","--andm-space-2"
"src/styles/series/dense.css","@layer andm.tokens / .andm-series--dense","--andm-btn-padding-x-md","10px",""
"src/styles/series/dense.css","@layer andm.tokens / .andm-series--dense","--andm-btn-padding-x-lg","var(--andm-space-3)","--andm-space-3"
"src/styles/series/dense.css","@layer andm.tokens / .andm-series--dense","--andm-font-size-sm","12px",""
"src/styles/series/dense.css","@layer andm.tokens / .andm-series--dense","--andm-font-size-md","var(--andm-font-size-sm)","--andm-font-size-sm"
"src/styles/series/dense.css","@layer andm.tokens / .andm-series--dense","--andm-font-size-lg","13px",""
"src/styles/series/dense.css","@layer andm.tokens / .andm-series--dense","--andm-btn-press-scale","0.98",""
"src/styles/series/dense.css","@layer andm.tokens / .andm-series--dense","--andm-btn-tracking","0",""
"src/styles/series/editorial.css","@layer andm.tokens / .andm-series--editorial","--andm-font-family","Palatino, ""Palatino Linotype"", ""Iowan Old Style"", Georgia, serif",""
"src/styles/series/editorial.css","@layer andm.tokens / .andm-series--editorial","--andm-btn-radius","0",""
"src/styles/series/editorial.css","@layer andm.tokens / .andm-series--editorial","--andm-btn-radius-pressed","0",""
"src/styles/series/editorial.css","@layer andm.tokens / .andm-series--editorial","--andm-btn-height-md","44px",""
"src/styles/series/editorial.css","@layer andm.tokens / .andm-series--editorial","--andm-font-weight-medium","500",""
"src/styles/series/editorial.css","@layer andm.tokens / .andm-series--editorial","--andm-btn-press-scale","1",""
"src/styles/series/editorial.css","@layer andm.tokens / .andm-series--editorial","--andm-btn-tracking","0.04em",""
"src/styles/series/expressive.css","@layer andm.tokens / .andm-series--expressive","--andm-btn-height-sm","var(--andm-space-10)","--andm-space-10"
"src/styles/series/expressive.css","@layer andm.tokens / .andm-series--expressive","--andm-btn-height-md","56px",""
"src/styles/series/expressive.css","@layer andm.tokens / .andm-series--expressive","--andm-btn-height-lg","var(--andm-space-24)","--andm-space-24"
"src/styles/series/expressive.css","@layer andm.tokens / .andm-series--expressive","--andm-btn-padding-x-sm","var(--andm-space-4)","--andm-space-4"
"src/styles/series/expressive.css","@layer andm.tokens / .andm-series--expressive","--andm-btn-padding-x-md","var(--andm-space-6)","--andm-space-6"
"src/styles/series/expressive.css","@layer andm.tokens / .andm-series--expressive","--andm-btn-padding-x-lg","var(--andm-space-12)","--andm-space-12"
"src/styles/series/expressive.css","@layer andm.tokens / .andm-series--expressive","--andm-btn-radius","calc(var(--andm-btn-height-md) / 2)","--andm-btn-height-md"
"src/styles/series/expressive.css","@layer andm.tokens / .andm-series--expressive","--andm-btn-radius-pressed","var(--andm-radius-md)","--andm-radius-md"
"src/styles/series/expressive.css","@layer andm.tokens / .andm-series--expressive","--andm-btn-press-scale","1",""
"src/styles/series/expressive.css","@layer andm.tokens / .andm-series--expressive","--andm-btn-radius-asymmetric","var(--andm-radius-lg)","--andm-radius-lg"
"src/styles/series/expressive.css","@layer andm.tokens / .andm-series--expressive","--andm-btn-icon-size-sm","var(--andm-space-5)","--andm-space-5"
"src/styles/series/expressive.css","@layer andm.tokens / .andm-series--expressive","--andm-btn-icon-size-md","var(--andm-space-5)","--andm-space-5"
"src/styles/series/expressive.css","@layer andm.tokens / .andm-series--expressive","--andm-btn-icon-size-lg","var(--andm-space-5)","--andm-space-5"
"src/styles/series/expressive.css","@layer andm.tokens / .andm-series--expressive","--andm-font-weight-medium","500",""
"src/styles/series/expressive.css","@layer andm.tokens / .andm-series--expressive","--andm-motion-duration-expressive-fast-spatial","350ms",""
"src/styles/series/expressive.css","@layer andm.tokens / .andm-series--expressive","--andm-motion-easing-expressive-fast-spatial","cubic-bezier(0.42, 1.67, 0.21, 0.9)",""
"src/styles/series/expressive.css","@layer andm.tokens / .andm-series--expressive","--andm-motion-duration-expressive-fast-effects","150ms",""
"src/styles/series/expressive.css","@layer andm.tokens / .andm-series--expressive","--andm-motion-easing-expressive-fast-effects","cubic-bezier(0.31, 0.94, 0.34, 1)",""
"src/styles/series/expressive.css","@layer andm.tokens / .andm-series--expressive","--andm-field-radius","var(--andm-radius-md)","--andm-radius-md"
"src/styles/series/expressive.css","@layer andm.tokens / .andm-series--expressive","--andm-surface-radius","var(--andm-radius-md)","--andm-radius-md"
"src/styles/series/expressive.css","@layer andm.tokens / .andm-series--expressive","--andm-dialog-radius","var(--andm-radius-md)","--andm-radius-md"
"src/styles/series/expressive.css","@layer andm.tokens / .andm-series--expressive","--andm-alert-radius","var(--andm-radius-md)","--andm-radius-md"
"src/styles/series/fluent.css","@layer andm.tokens / .andm-series--fluent","--andm-btn-radius","var(--andm-space-1)","--andm-space-1"
"src/styles/series/fluent.css","@layer andm.tokens / .andm-series--fluent","--andm-btn-radius-pressed","var(--andm-space-1)","--andm-space-1"
"src/styles/series/fluent.css","@layer andm.tokens / .andm-series--fluent","--andm-font-family","""Segoe UI"", ""Hiragino Sans"", sans-serif",""
"src/styles/series/fluent.css","@layer andm.tokens / .andm-series--fluent","--andm-font-size-sm","12px",""
"src/styles/series/fluent.css","@layer andm.tokens / .andm-series--fluent","--andm-font-size-md","14px",""
"src/styles/series/fluent.css","@layer andm.tokens / .andm-series--fluent","--andm-font-size-lg","16px",""
"src/styles/series/fluent.css","@layer andm.tokens / .andm-series--fluent","--andm-field-radius","4px",""
"src/styles/series/fluent.css","@layer andm.tokens / .andm-series--fluent","--andm-surface-radius","4px",""
"src/styles/series/fluent.css","@layer andm.tokens / .andm-series--fluent","--andm-badge-radius","2px",""
"src/styles/series/fluent.css","@layer andm.tokens / .andm-series--fluent","--andm-popover-radius","12px",""
"src/styles/series/fluent.css","@layer andm.tokens / .andm-series--fluent","--andm-menu-radius","4px",""
"src/styles/series/playful.css","@layer andm.tokens / .andm-series--playful","--andm-color-primary","#0f766e",""
"src/styles/series/playful.css","@layer andm.tokens / .andm-series--playful","--andm-color-primary-rgb","15 118 110",""
"src/styles/series/playful.css","@layer andm.tokens / .andm-series--playful","--andm-btn-radius","22px",""
"src/styles/series/playful.css","@layer andm.tokens / .andm-series--playful","--andm-btn-radius-pressed","22px",""
"src/styles/series/playful.css","@layer andm.tokens / .andm-series--playful","--andm-btn-height-md","var(--andm-space-12)","--andm-space-12"
"src/styles/series/playful.css","@layer andm.tokens / .andm-series--playful","--andm-btn-padding-x-md","22px",""
"src/styles/series/playful.css","@layer andm.tokens / .andm-series--playful","--andm-btn-press-scale","0.94",""
"src/styles/series/soft.css","@layer andm.tokens / .andm-series--soft","--andm-btn-radius","var(--andm-radius-lg)","--andm-radius-lg"
"src/styles/series/soft.css","@layer andm.tokens / .andm-series--soft","--andm-btn-radius-pressed","var(--andm-radius-lg)","--andm-radius-lg"
"src/styles/series/soft.css","@layer andm.tokens / .andm-series--soft","--andm-btn-height-md","44px",""
"src/styles/series/soft.css","@layer andm.tokens / .andm-series--soft","--andm-btn-padding-x-md","var(--andm-space-6)","--andm-space-6"
"src/styles/series/soft.css","@layer andm.tokens / .andm-series--soft","--andm-shadow-1","0 1px 2px rgb(0 0 0 / 0.08)",""
"src/styles/series/soft.css","@layer andm.tokens / .andm-series--soft","--andm-shadow-2","0 8px 20px rgb(0 0 0 / 0.08)",""
"src/styles/series/soft.css","@layer andm.tokens / .andm-series--soft","--andm-btn-press-scale","0.98",""
"src/styles/series/spectrum.css","@layer andm.tokens / .andm-series--spectrum","--andm-color-primary","rgb(59, 99, 251)",""
"src/styles/series/spectrum.css","@layer andm.tokens / .andm-series--spectrum","--andm-color-primary-rgb","59 99 251",""
"src/styles/series/spectrum.css","@layer andm.tokens / .andm-series--spectrum","--andm-color-on-primary","var(--andm-color-white)","--andm-color-white"
"src/styles/series/spectrum.css","@layer andm.tokens / .andm-series--spectrum","--andm-color-secondary-container","rgb(229, 240, 254)",""
"src/styles/series/spectrum.css","@layer andm.tokens / .andm-series--spectrum","--andm-color-on-secondary-container","rgb(59, 99, 251)",""
"src/styles/series/spectrum.css","@layer andm.tokens / .andm-series--spectrum","--andm-color-surface","rgb(248, 248, 248)",""
"src/styles/series/spectrum.css","@layer andm.tokens / .andm-series--spectrum","--andm-color-on-surface","rgb(41, 41, 41)",""
"src/styles/series/spectrum.css","@layer andm.tokens / .andm-series--spectrum","--andm-color-on-surface-variant","rgb(80, 80, 80)",""
"src/styles/series/spectrum.css","@layer andm.tokens / .andm-series--spectrum","--andm-color-outline","rgb(198, 198, 198)",""
"src/styles/series/spectrum.css","@layer andm.tokens / .andm-series--spectrum","--andm-font-family","""Adobe Clean"", ""Segoe UI"", ""Hiragino Sans"", sans-serif",""
"src/styles/series/spectrum.css","@layer andm.tokens / .andm-series--spectrum","--andm-font-weight-medium","700",""
"src/styles/series/spectrum.css","@layer andm.tokens / .andm-series--spectrum","--andm-font-size-sm","12px",""
"src/styles/series/spectrum.css","@layer andm.tokens / .andm-series--spectrum","--andm-font-size-md","14px",""
"src/styles/series/spectrum.css","@layer andm.tokens / .andm-series--spectrum","--andm-font-size-lg","16px",""
"src/styles/series/spectrum.css","@layer andm.tokens / .andm-series--spectrum","--andm-btn-tracking","0",""
"src/styles/series/spectrum.css","@layer andm.tokens / .andm-series--spectrum","--andm-btn-radius","var(--andm-radius-pill)","--andm-radius-pill"
"src/styles/series/spectrum.css","@layer andm.tokens / .andm-series--spectrum","--andm-btn-radius-pressed","var(--andm-radius-pill)","--andm-radius-pill"
"src/styles/series/spectrum.css","@layer andm.tokens / .andm-series--spectrum","--andm-btn-height-sm","var(--andm-space-6)","--andm-space-6"
"src/styles/series/spectrum.css","@layer andm.tokens / .andm-series--spectrum","--andm-btn-height-md","var(--andm-space-8)","--andm-space-8"
"src/styles/series/spectrum.css","@layer andm.tokens / .andm-series--spectrum","--andm-btn-height-lg","var(--andm-space-10)","--andm-space-10"
"src/styles/series/spectrum.css","@layer andm.tokens / .andm-series--spectrum","--andm-btn-padding-x-sm","11px",""
"src/styles/series/spectrum.css","@layer andm.tokens / .andm-series--spectrum","--andm-btn-padding-x-md","14px",""
"src/styles/series/spectrum.css","@layer andm.tokens / .andm-series--spectrum","--andm-btn-padding-x-lg","18px",""
"src/styles/series/spectrum.css","@layer andm.tokens / .andm-series--spectrum","--andm-shadow-1","none",""
"src/styles/series/spectrum.css","@layer andm.tokens / .andm-series--spectrum","--andm-shadow-2","none",""
"src/styles/series/spectrum.css","@layer andm.tokens / .andm-series--spectrum","--andm-btn-press-scale","1",""
"src/styles/series/spectrum.css","@layer andm.tokens / .andm-series--spectrum","--andm-focus-ring-width","var(--andm-space-05)","--andm-space-05"
"src/styles/series/spectrum.css","@layer andm.tokens / .andm-series--spectrum","--andm-motion-duration-short1","130ms",""
"src/styles/series/spectrum.css","@layer andm.tokens / .andm-series--spectrum","--andm-motion-duration-short2","130ms",""
"src/styles/series/spectrum.css","@layer andm.tokens / .andm-series--spectrum","--andm-motion-easing-decelerate","cubic-bezier(0, 0, 0.4, 1)",""
"src/styles/series/spectrum.css","@layer andm.tokens / .andm-series--spectrum","--andm-motion-easing-accelerate","cubic-bezier(0, 0, 0.4, 1)",""
"src/styles/series/spectrum.css","@layer andm.tokens / .andm-series--spectrum","--andm-field-radius","4px",""
"src/styles/series/spectrum.css","@layer andm.tokens / .andm-series--spectrum","--andm-surface-radius","4px",""
"src/styles/series/spectrum.css","@layer andm.tokens / .andm-series--spectrum","--andm-dialog-radius","4px",""
"src/styles/series/spectrum.css","@layer andm.tokens / .andm-series--spectrum","--andm-alert-radius","4px",""
"src/styles/series/spectrum.css","@layer andm.tokens / .andm-series--spectrum","--andm-badge-radius","4px",""
"src/styles/series/spectrum.css","@layer andm.tokens / .andm-series--spectrum","--andm-check-radius","4px",""
"src/styles/series/spectrum.css","@layer andm.tokens / .andm-series--spectrum","--andm-color-outline-variant","var(--andm-color-outline)","--andm-color-outline"
"src/styles/series/spectrum.css","@layer andm.tokens / .andm-series--spectrum","--andm-divider-color","var(--andm-color-outline)","--andm-color-outline"
"src/styles/series/technical.css","@layer andm.tokens / .andm-series--technical","--andm-btn-radius","var(--andm-space-05)","--andm-space-05"
"src/styles/series/technical.css","@layer andm.tokens / .andm-series--technical","--andm-btn-radius-pressed","var(--andm-space-05)","--andm-space-05"
"src/styles/series/technical.css","@layer andm.tokens / .andm-series--technical","--andm-btn-height-md","var(--andm-space-8)","--andm-space-8"
"src/styles/series/technical.css","@layer andm.tokens / .andm-series--technical","--andm-font-family","ui-monospace, ""SFMono-Regular"", Menlo, Consolas, monospace",""
"src/styles/series/technical.css","@layer andm.tokens / .andm-series--technical","--andm-font-size-md","13px",""
"src/styles/series/technical.css","@layer andm.tokens / .andm-series--technical","--andm-btn-press-scale","1",""
"src/styles/series/technical.css","@layer andm.tokens / .andm-series--technical","--andm-btn-tracking","0.02em",""
"src/styles/series/technical.css","@layer andm.tokens / .andm-series--technical","--andm-shadow-1","none",""
"src/styles/series/technical.css","@layer andm.tokens / .andm-series--technical","--andm-shadow-2","none",""
"src/styles/series/uswds.css","@layer andm.tokens / .andm-series--uswds","--andm-color-primary","#005ea2",""
"src/styles/series/uswds.css","@layer andm.tokens / .andm-series--uswds","--andm-color-primary-rgb","0 94 162",""
"src/styles/series/uswds.css","@layer andm.tokens / .andm-series--uswds","--andm-color-on-primary","white",""
"src/styles/series/uswds.css","@layer andm.tokens / .andm-series--uswds","--andm-color-secondary-container","#d83933",""
"src/styles/series/uswds.css","@layer andm.tokens / .andm-series--uswds","--andm-color-on-secondary-container","white",""
"src/styles/series/uswds.css","@layer andm.tokens / .andm-series--uswds","--andm-color-surface","white",""
"src/styles/series/uswds.css","@layer andm.tokens / .andm-series--uswds","--andm-color-on-surface","#1b1b1b",""
"src/styles/series/uswds.css","@layer andm.tokens / .andm-series--uswds","--andm-color-on-surface-variant","#71767a",""
"src/styles/series/uswds.css","@layer andm.tokens / .andm-series--uswds","--andm-color-outline","#005ea2",""
"src/styles/series/uswds.css","@layer andm.tokens / .andm-series--uswds","--andm-color-disabled-container","#c9c9c9",""
"src/styles/series/uswds.css","@layer andm.tokens / .andm-series--uswds","--andm-color-on-disabled","#757575",""
"src/styles/series/uswds.css","@layer andm.tokens / .andm-series--uswds","--andm-color-disabled-outline","#757575",""
"src/styles/series/uswds.css","@layer andm.tokens / .andm-series--uswds","--andm-focus-ring-color","#2491ff",""
"src/styles/series/uswds.css","@layer andm.tokens / .andm-series--uswds","--andm-focus-ring-width","4px",""
"src/styles/series/uswds.css","@layer andm.tokens / .andm-series--uswds","--andm-focus-ring-offset","0",""
"src/styles/series/uswds.css","@layer andm.tokens / .andm-series--uswds","--andm-font-family","""Source Sans Pro"", ""Helvetica Neue"", ""Helvetica"", ""Roboto"",
      ""Arial"", sans-serif",""
"src/styles/series/uswds.css","@layer andm.tokens / .andm-series--uswds","--andm-font-size-sm","14px",""
"src/styles/series/uswds.css","@layer andm.tokens / .andm-series--uswds","--andm-font-size-md","16px",""
"src/styles/series/uswds.css","@layer andm.tokens / .andm-series--uswds","--andm-font-size-lg","22px",""
"src/styles/series/uswds.css","@layer andm.tokens / .andm-series--uswds","--andm-line-height-tight","1",""
"src/styles/series/uswds.css","@layer andm.tokens / .andm-series--uswds","--andm-btn-radius","4px",""
"src/styles/series/uswds.css","@layer andm.tokens / .andm-series--uswds","--andm-btn-radius-pressed","4px",""
"src/styles/series/uswds.css","@layer andm.tokens / .andm-series--uswds","--andm-field-radius","4px",""
"src/styles/series/uswds.css","@layer andm.tokens / .andm-series--uswds","--andm-check-size","20px",""
"src/styles/series/uswds.css","@layer andm.tokens / .andm-series--uswds","--andm-radio-size","20px",""
"src/styles/series/uswds.css","@layer andm.tokens / .andm-series--uswds","--andm-check-radius","2px",""
"src/styles/series/uswds.css","@layer andm.tokens / .andm-series--uswds","--andm-check-border-width","2px",""
"src/styles/series/uswds.css","@layer andm.tokens / .andm-series--uswds","--andm-radio-border-width","2px",""
"src/styles/series/uswds.css","@layer andm.tokens / .andm-series--uswds","--andm-surface-radius","8px",""
"src/styles/series/uswds.css","@layer andm.tokens / .andm-series--uswds","--andm-dialog-radius","8px",""
"src/styles/series/uswds.css","@layer andm.tokens / .andm-series--uswds","--andm-alert-radius","8px",""
"src/styles/series/uswds.css","@layer andm.tokens / .andm-series--uswds","--andm-divider-color","var(--andm-color-outline-variant)","--andm-color-outline-variant"
"src/styles/series/uswds.css","@layer andm.tokens / .andm-series--uswds","--andm-field-line-height","1.35",""
"src/styles/series/uswds.css","@layer andm.tokens / .andm-series--uswds","--andm-card-border-width","2px",""
"src/styles/series/uswds.css","@layer andm.tokens / .andm-series--uswds","--andm-card-padding","1.5rem",""
"src/styles/series/uswds.css","@layer andm.tokens / .andm-series--uswds","--andm-pagination-radius","0.25rem",""
"src/styles/series/uswds.css","@layer andm.tokens / .andm-series--uswds","--andm-alert-padding-x","1.25rem",""
"src/styles/series/uswds.css","@layer andm.tokens / .andm-series--uswds","--andm-alert-padding-y","1rem",""
"src/styles/tokens/color/primitive.css","@layer andm.tokens / :root","--andm-color-blue-0","#000000",""
"src/styles/tokens/color/primitive.css","@layer andm.tokens / :root","--andm-color-blue-10","#041e49",""
"src/styles/tokens/color/primitive.css","@layer andm.tokens / :root","--andm-color-blue-20","#062e6f",""
"src/styles/tokens/color/primitive.css","@layer andm.tokens / :root","--andm-color-blue-30","#0842a0",""
"src/styles/tokens/color/primitive.css","@layer andm.tokens / :root","--andm-color-blue-40","#0b57d0",""
"src/styles/tokens/color/primitive.css","@layer andm.tokens / :root","--andm-color-blue-50","#1b6ef3",""
"src/styles/tokens/color/primitive.css","@layer andm.tokens / :root","--andm-color-blue-60","#4c8df6",""
"src/styles/tokens/color/primitive.css","@layer andm.tokens / :root","--andm-color-blue-70","#7cacf8",""
"src/styles/tokens/color/primitive.css","@layer andm.tokens / :root","--andm-color-blue-80","#a8c7fa",""
"src/styles/tokens/color/primitive.css","@layer andm.tokens / :root","--andm-color-blue-90","#d3e3fd",""
"src/styles/tokens/color/primitive.css","@layer andm.tokens / :root","--andm-color-blue-95","#ecf3fe",""
"src/styles/tokens/color/primitive.css","@layer andm.tokens / :root","--andm-color-blue-98","#f7f9ff",""
"src/styles/tokens/color/primitive.css","@layer andm.tokens / :root","--andm-color-blue-99","#fcfcff",""
"src/styles/tokens/color/primitive.css","@layer andm.tokens / :root","--andm-color-blue-100","#ffffff",""
"src/styles/tokens/color/primitive.css","@layer andm.tokens / :root","--andm-color-neutral-0","#000000",""
"src/styles/tokens/color/primitive.css","@layer andm.tokens / :root","--andm-color-neutral-10","#1a1c1e",""
"src/styles/tokens/color/primitive.css","@layer andm.tokens / :root","--andm-color-neutral-20","#2f3133",""
"src/styles/tokens/color/primitive.css","@layer andm.tokens / :root","--andm-color-neutral-30","#43474c",""
"src/styles/tokens/color/primitive.css","@layer andm.tokens / :root","--andm-color-neutral-40","#5f6368",""
"src/styles/tokens/color/primitive.css","@layer andm.tokens / :root","--andm-color-neutral-50","#73777d",""
"src/styles/tokens/color/primitive.css","@layer andm.tokens / :root","--andm-color-neutral-60","#8d9196",""
"src/styles/tokens/color/primitive.css","@layer andm.tokens / :root","--andm-color-neutral-70","#ababab",""
"src/styles/tokens/color/primitive.css","@layer andm.tokens / :root","--andm-color-neutral-80","#c6c6c6",""
"src/styles/tokens/color/primitive.css","@layer andm.tokens / :root","--andm-color-neutral-90","#e3e3e3",""
"src/styles/tokens/color/primitive.css","@layer andm.tokens / :root","--andm-color-neutral-95","#f2f2f2",""
"src/styles/tokens/color/primitive.css","@layer andm.tokens / :root","--andm-color-neutral-98","#f9f9f9",""
"src/styles/tokens/color/primitive.css","@layer andm.tokens / :root","--andm-color-neutral-99","#fcfcfc",""
"src/styles/tokens/color/primitive.css","@layer andm.tokens / :root","--andm-color-neutral-100","#ffffff",""
"src/styles/tokens/color/primitive.css","@layer andm.tokens / :root","--andm-color-white","var(--andm-color-neutral-100)","--andm-color-neutral-100"
"src/styles/tokens/color/semantic.css","@layer andm.tokens / :root","--andm-color-primary","var(--andm-color-blue-40)","--andm-color-blue-40"
"src/styles/tokens/color/semantic.css","@layer andm.tokens / :root","--andm-color-primary-rgb","11 87 208",""
"src/styles/tokens/color/semantic.css","@layer andm.tokens / :root","--andm-color-on-primary","var(--andm-color-white)","--andm-color-white"
"src/styles/tokens/color/semantic.css","@layer andm.tokens / :root","--andm-color-secondary-container","var(--andm-color-blue-90)","--andm-color-blue-90"
"src/styles/tokens/color/semantic.css","@layer andm.tokens / :root","--andm-color-on-secondary-container","var(--andm-color-blue-10)","--andm-color-blue-10"
"src/styles/tokens/color/semantic.css","@layer andm.tokens / :root","--andm-color-surface","var(--andm-color-neutral-99)","--andm-color-neutral-99"
"src/styles/tokens/color/semantic.css","@layer andm.tokens / :root","--andm-color-on-surface","var(--andm-color-neutral-10)","--andm-color-neutral-10"
"src/styles/tokens/color/semantic.css","@layer andm.tokens / :root","--andm-color-on-surface-variant","var(--andm-color-neutral-40)","--andm-color-neutral-40"
"src/styles/tokens/color/semantic.css","@layer andm.tokens / :root","--andm-color-outline","#74777f",""
"src/styles/tokens/color/semantic.css","@layer andm.tokens / :root","--andm-color-outline-variant","color-mix(
      in srgb,
      var(--andm-color-outline) 24%,
      transparent
    )","--andm-color-outline"
"src/styles/tokens/color/semantic.css","@layer andm.tokens / :root","--andm-color-disabled-container","color-mix(
      in srgb,
      var(--andm-color-on-surface) 12%,
      transparent
    )","--andm-color-on-surface"
"src/styles/tokens/color/semantic.css","@layer andm.tokens / :root","--andm-color-on-disabled","color-mix(
      in srgb,
      var(--andm-color-on-surface) 38%,
      transparent
    )","--andm-color-on-surface"
"src/styles/tokens/color/semantic.css","@layer andm.tokens / :root","--andm-color-disabled-outline","color-mix(
      in srgb,
      var(--andm-color-outline) 12%,
      transparent
    )","--andm-color-outline"
"src/styles/tokens/color/semantic.css","@layer andm.tokens / :root","--andm-color-success","#146c2e",""
"src/styles/tokens/color/semantic.css","@layer andm.tokens / :root","--andm-color-success-container","#e6f4ea",""
"src/styles/tokens/color/semantic.css","@layer andm.tokens / :root","--andm-color-on-success-container","#0d401c",""
"src/styles/tokens/color/semantic.css","@layer andm.tokens / :root","--andm-color-warning","#9a6700",""
"src/styles/tokens/color/semantic.css","@layer andm.tokens / :root","--andm-color-warning-container","#fff4ce",""
"src/styles/tokens/color/semantic.css","@layer andm.tokens / :root","--andm-color-on-warning-container","#5c3d00",""
"src/styles/tokens/color/semantic.css","@layer andm.tokens / :root","--andm-color-error","#b3261e",""
"src/styles/tokens/color/semantic.css","@layer andm.tokens / :root","--andm-color-error-container","#fce8e6",""
"src/styles/tokens/color/semantic.css","@layer andm.tokens / :root","--andm-color-on-error-container","#410e0b",""
"src/styles/tokens/elevation/primitive.css","@layer andm.tokens / :root","--andm-shadow-1","0 1px 2px rgb(0 0 0 / 0.2), 0 1px 3px rgb(0 0 0 / 0.12)",""
"src/styles/tokens/elevation/primitive.css","@layer andm.tokens / :root","--andm-shadow-2","0 2px 6px rgb(0 0 0 / 0.22), 0 1px 2px rgb(0 0 0 / 0.14)",""
"src/styles/tokens/focus/semantic.css","@layer andm.tokens / :root","--andm-focus-ring-color","var(--andm-color-primary)","--andm-color-primary"
"src/styles/tokens/focus/semantic.css","@layer andm.tokens / :root","--andm-focus-ring-width","2px",""
"src/styles/tokens/focus/semantic.css","@layer andm.tokens / :root","--andm-focus-ring-offset","2px",""
"src/styles/tokens/focus/semantic.css","@layer andm.tokens / :root","--andm-focus-ring-style","solid",""
"src/styles/tokens/layout/semantic.css","@layer andm.tokens / :root","--andm-layout-content-max","72rem",""
"src/styles/tokens/layout/semantic.css","@layer andm.tokens / :root","--andm-target-min","44px",""
"src/styles/tokens/motion/semantic.css","@layer andm.tokens / :root","--andm-motion-duration-short1","50ms",""
"src/styles/tokens/motion/semantic.css","@layer andm.tokens / :root","--andm-motion-duration-short2","100ms",""
"src/styles/tokens/motion/semantic.css","@layer andm.tokens / :root","--andm-motion-duration-short3","150ms",""
"src/styles/tokens/motion/semantic.css","@layer andm.tokens / :root","--andm-motion-duration-short4","200ms",""
"src/styles/tokens/motion/semantic.css","@layer andm.tokens / :root","--andm-motion-easing-standard","cubic-bezier(0.4, 0, 0.2, 1)",""
"src/styles/tokens/motion/semantic.css","@layer andm.tokens / :root","--andm-motion-easing-decelerate","cubic-bezier(0, 0, 0.2, 1)",""
"src/styles/tokens/motion/semantic.css","@layer andm.tokens / :root","--andm-motion-easing-accelerate","cubic-bezier(0.4, 0, 1, 1)",""
"src/styles/tokens/radius/primitive.css","@layer andm.tokens / :root","--andm-radius-sm","8px",""
"src/styles/tokens/radius/primitive.css","@layer andm.tokens / :root","--andm-radius-md","12px",""
"src/styles/tokens/radius/primitive.css","@layer andm.tokens / :root","--andm-radius-lg","16px",""
"src/styles/tokens/radius/primitive.css","@layer andm.tokens / :root","--andm-radius-pill","9999px",""
"src/styles/tokens/spacing/primitive.css","@layer andm.tokens / :root","--andm-space-0","0",""
"src/styles/tokens/spacing/primitive.css","@layer andm.tokens / :root","--andm-space-05","2px",""
"src/styles/tokens/spacing/primitive.css","@layer andm.tokens / :root","--andm-space-1","4px",""
"src/styles/tokens/spacing/primitive.css","@layer andm.tokens / :root","--andm-space-2","8px",""
"src/styles/tokens/spacing/primitive.css","@layer andm.tokens / :root","--andm-space-3","12px",""
"src/styles/tokens/spacing/primitive.css","@layer andm.tokens / :root","--andm-space-4","16px",""
"src/styles/tokens/spacing/primitive.css","@layer andm.tokens / :root","--andm-space-5","20px",""
"src/styles/tokens/spacing/primitive.css","@layer andm.tokens / :root","--andm-space-6","24px",""
"src/styles/tokens/spacing/primitive.css","@layer andm.tokens / :root","--andm-space-8","32px",""
"src/styles/tokens/spacing/primitive.css","@layer andm.tokens / :root","--andm-space-10","40px",""
"src/styles/tokens/spacing/primitive.css","@layer andm.tokens / :root","--andm-space-12","48px",""
"src/styles/tokens/spacing/primitive.css","@layer andm.tokens / :root","--andm-space-16","64px",""
"src/styles/tokens/spacing/primitive.css","@layer andm.tokens / :root","--andm-space-20","80px",""
"src/styles/tokens/spacing/primitive.css","@layer andm.tokens / :root","--andm-space-24","96px",""
"src/styles/tokens/state/semantic.css","@layer andm.tokens / :root","--andm-state-hover-opacity","0.08",""
"src/styles/tokens/state/semantic.css","@layer andm.tokens / :root","--andm-state-pressed-opacity","0.12",""
"src/styles/tokens/state/semantic.css","@layer andm.tokens / :root","--andm-overlay-hover","rgb(0 0 0 / 0.08)",""
"src/styles/tokens/state/semantic.css","@layer andm.tokens / :root","--andm-overlay-hover-light","rgb(255 255 255 / 0.1)",""
"src/styles/tokens/state/semantic.css","@layer andm.tokens / :root","--andm-overlay-active","rgb(0 0 0 / 0.12)",""
"src/styles/tokens/state/semantic.css","@layer andm.tokens / :root","--andm-overlay-active-light","rgb(255 255 255 / 0.14)",""
"src/styles/tokens/typography/primitive.css","@layer andm.tokens / :root","--andm-font-size-sm","12px",""
"src/styles/tokens/typography/primitive.css","@layer andm.tokens / :root","--andm-font-size-md","14px",""
"src/styles/tokens/typography/primitive.css","@layer andm.tokens / :root","--andm-font-size-lg","16px",""
"src/styles/tokens/typography/roles.css","@layer andm.tokens / :root, :where([class*=""andm-series--""])","--andm-font-family-mono","ui-monospace, ""SFMono-Regular"", Menlo, Consolas, monospace",""
"src/styles/tokens/typography/roles.css","@layer andm.tokens / :root, :where([class*=""andm-series--""])","--andm-type-display-size","3rem",""
"src/styles/tokens/typography/roles.css","@layer andm.tokens / :root, :where([class*=""andm-series--""])","--andm-type-display-line-height","1.16667",""
"src/styles/tokens/typography/roles.css","@layer andm.tokens / :root, :where([class*=""andm-series--""])","--andm-type-display-weight","600",""
"src/styles/tokens/typography/roles.css","@layer andm.tokens / :root, :where([class*=""andm-series--""])","--andm-type-display-tracking","0rem",""
"src/styles/tokens/typography/roles.css","@layer andm.tokens / :root, :where([class*=""andm-series--""])","--andm-type-headline-size","2rem",""
"src/styles/tokens/typography/roles.css","@layer andm.tokens / :root, :where([class*=""andm-series--""])","--andm-type-headline-line-height","1.25",""
"src/styles/tokens/typography/roles.css","@layer andm.tokens / :root, :where([class*=""andm-series--""])","--andm-type-headline-weight","600",""
"src/styles/tokens/typography/roles.css","@layer andm.tokens / :root, :where([class*=""andm-series--""])","--andm-type-headline-tracking","0rem",""
"src/styles/tokens/typography/roles.css","@layer andm.tokens / :root, :where([class*=""andm-series--""])","--andm-type-title-size","1.25rem",""
"src/styles/tokens/typography/roles.css","@layer andm.tokens / :root, :where([class*=""andm-series--""])","--andm-type-title-line-height","1.4",""
"src/styles/tokens/typography/roles.css","@layer andm.tokens / :root, :where([class*=""andm-series--""])","--andm-type-title-weight","600",""
"src/styles/tokens/typography/roles.css","@layer andm.tokens / :root, :where([class*=""andm-series--""])","--andm-type-title-tracking","0rem",""
"src/styles/tokens/typography/roles.css","@layer andm.tokens / :root, :where([class*=""andm-series--""])","--andm-type-body-size","1rem",""
"src/styles/tokens/typography/roles.css","@layer andm.tokens / :root, :where([class*=""andm-series--""])","--andm-type-body-line-height","1.625",""
"src/styles/tokens/typography/roles.css","@layer andm.tokens / :root, :where([class*=""andm-series--""])","--andm-type-body-weight","400",""
"src/styles/tokens/typography/roles.css","@layer andm.tokens / :root, :where([class*=""andm-series--""])","--andm-type-body-tracking","0rem",""
"src/styles/tokens/typography/roles.css","@layer andm.tokens / :root, :where([class*=""andm-series--""])","--andm-type-body-small-size","0.875rem",""
"src/styles/tokens/typography/roles.css","@layer andm.tokens / :root, :where([class*=""andm-series--""])","--andm-type-body-small-line-height","1.57143",""
"src/styles/tokens/typography/roles.css","@layer andm.tokens / :root, :where([class*=""andm-series--""])","--andm-type-body-small-weight","400",""
"src/styles/tokens/typography/roles.css","@layer andm.tokens / :root, :where([class*=""andm-series--""])","--andm-type-body-small-tracking","0rem",""
"src/styles/tokens/typography/roles.css","@layer andm.tokens / :root, :where([class*=""andm-series--""])","--andm-type-label-size","0.875rem",""
"src/styles/tokens/typography/roles.css","@layer andm.tokens / :root, :where([class*=""andm-series--""])","--andm-type-label-line-height","1.42857",""
"src/styles/tokens/typography/roles.css","@layer andm.tokens / :root, :where([class*=""andm-series--""])","--andm-type-label-weight","600",""
"src/styles/tokens/typography/roles.css","@layer andm.tokens / :root, :where([class*=""andm-series--""])","--andm-type-label-tracking","0rem",""
"src/styles/tokens/typography/roles.css","@layer andm.tokens / :root, :where([class*=""andm-series--""])","--andm-type-caption-size","0.75rem",""
"src/styles/tokens/typography/roles.css","@layer andm.tokens / :root, :where([class*=""andm-series--""])","--andm-type-caption-line-height","1.5",""
"src/styles/tokens/typography/roles.css","@layer andm.tokens / :root, :where([class*=""andm-series--""])","--andm-type-caption-weight","400",""
"src/styles/tokens/typography/roles.css","@layer andm.tokens / :root, :where([class*=""andm-series--""])","--andm-type-caption-tracking","0rem",""
"src/styles/tokens/typography/roles.css","@layer andm.tokens / :root, :where([class*=""andm-series--""])","--andm-type-code-size","0.875rem",""
"src/styles/tokens/typography/roles.css","@layer andm.tokens / :root, :where([class*=""andm-series--""])","--andm-type-code-line-height","1.57143",""
"src/styles/tokens/typography/roles.css","@layer andm.tokens / :root, :where([class*=""andm-series--""])","--andm-type-code-weight","400",""
"src/styles/tokens/typography/roles.css","@layer andm.tokens / :root, :where([class*=""andm-series--""])","--andm-type-code-tracking","0rem",""
"src/styles/tokens/typography/roles.css","@layer andm.tokens / :root, :where([class*=""andm-series--""])","--andm-type-heading-font","var(--andm-font-family)","--andm-font-family"
"src/styles/tokens/typography/roles.css","@layer andm.tokens / :root, :where([class*=""andm-series--""])","--andm-type-body-font","var(--andm-font-family)","--andm-font-family"
"src/styles/tokens/typography/roles.css","@layer andm.tokens / :root, :where([class*=""andm-series--""])","--andm-type-code-font","var(--andm-font-family-mono)","--andm-font-family-mono"
"src/styles/tokens/typography/roles.css","@layer andm.tokens / :root, :where([class*=""andm-series--""])","--andm-type-action-size","var(--andm-font-size-md)","--andm-font-size-md"
"src/styles/tokens/typography/roles.css","@layer andm.tokens / :root, :where([class*=""andm-series--""])","--andm-type-action-line-height","var(--andm-line-height-tight)","--andm-line-height-tight"
"src/styles/tokens/typography/roles.css","@layer andm.tokens / :root, :where([class*=""andm-series--""])","--andm-type-action-weight","var(--andm-font-weight-medium)","--andm-font-weight-medium"
"src/styles/tokens/typography/roles.css","@layer andm.tokens / :root, :where([class*=""andm-series--""])","--andm-type-action-tracking","var(--andm-btn-tracking)","--andm-btn-tracking"
"src/styles/tokens/typography/roles.css","@layer andm.tokens / :root, :where([class*=""andm-series--""])","--andm-icon-size","1.25rem",""
"src/styles/tokens/typography/roles.css","@layer andm.tokens / :root, :where([class*=""andm-series--""])","--andm-icon-stroke","1.75",""
"src/styles/tokens/typography/roles.css","@layer andm.tokens / :root, :where([class*=""andm-series--""])","--andm-icon-button-target","2.75rem",""
"src/styles/tokens/typography/roles.css","@layer andm.tokens / :root, :where([class*=""andm-series--""])","--andm-link-color","var(--andm-color-primary)","--andm-color-primary"
"src/styles/tokens/typography/roles.css","@layer andm.tokens / :root, :where([class*=""andm-series--""])","--andm-link-visited-color","var(--andm-color-primary)","--andm-color-primary"
"src/styles/tokens/typography/roles.css","@layer andm.tokens / .andm-series--soft","--andm-type-body-size","1rem",""
"src/styles/tokens/typography/roles.css","@layer andm.tokens / .andm-series--soft","--andm-type-body-line-height","1.75",""
"src/styles/tokens/typography/roles.css","@layer andm.tokens / .andm-series--soft","--andm-type-body-weight","400",""
"src/styles/tokens/typography/roles.css","@layer andm.tokens / .andm-series--soft","--andm-type-body-tracking","0rem",""
"src/styles/tokens/typography/roles.css","@layer andm.tokens / .andm-series--soft","--andm-type-title-size","1.375rem",""
"src/styles/tokens/typography/roles.css","@layer andm.tokens / .andm-series--soft","--andm-type-title-line-height","1.36364",""
"src/styles/tokens/typography/roles.css","@layer andm.tokens / .andm-series--soft","--andm-type-title-weight","600",""
"src/styles/tokens/typography/roles.css","@layer andm.tokens / .andm-series--soft","--andm-type-title-tracking","0rem",""
"src/styles/tokens/typography/roles.css","@layer andm.tokens / .andm-series--dense","--andm-type-body-size","0.875rem",""
"src/styles/tokens/typography/roles.css","@layer andm.tokens / .andm-series--dense","--andm-type-body-line-height","1.42857",""
"src/styles/tokens/typography/roles.css","@layer andm.tokens / .andm-series--dense","--andm-type-body-weight","400",""
"src/styles/tokens/typography/roles.css","@layer andm.tokens / .andm-series--dense","--andm-type-body-tracking","0rem",""
"src/styles/tokens/typography/roles.css","@layer andm.tokens / .andm-series--dense","--andm-type-body-small-size","0.8125rem",""
"src/styles/tokens/typography/roles.css","@layer andm.tokens / .andm-series--dense","--andm-type-body-small-line-height","1.38462",""
"src/styles/tokens/typography/roles.css","@layer andm.tokens / .andm-series--dense","--andm-type-body-small-weight","400",""
"src/styles/tokens/typography/roles.css","@layer andm.tokens / .andm-series--dense","--andm-type-body-small-tracking","0rem",""
"src/styles/tokens/typography/roles.css","@layer andm.tokens / .andm-series--dense","--andm-type-title-size","1.125rem",""
"src/styles/tokens/typography/roles.css","@layer andm.tokens / .andm-series--dense","--andm-type-title-line-height","1.33333",""
"src/styles/tokens/typography/roles.css","@layer andm.tokens / .andm-series--dense","--andm-type-title-weight","600",""
"src/styles/tokens/typography/roles.css","@layer andm.tokens / .andm-series--dense","--andm-type-title-tracking","0rem",""
"src/styles/tokens/typography/roles.css","@layer andm.tokens / .andm-series--technical","--andm-type-body-size","0.875rem",""
"src/styles/tokens/typography/roles.css","@layer andm.tokens / .andm-series--technical","--andm-type-body-line-height","1.57143",""
"src/styles/tokens/typography/roles.css","@layer andm.tokens / .andm-series--technical","--andm-type-body-weight","400",""
"src/styles/tokens/typography/roles.css","@layer andm.tokens / .andm-series--technical","--andm-type-body-tracking","0rem",""
"src/styles/tokens/typography/roles.css","@layer andm.tokens / .andm-series--technical","--andm-type-label-size","0.8125rem",""
"src/styles/tokens/typography/roles.css","@layer andm.tokens / .andm-series--technical","--andm-type-label-line-height","1.53846",""
"src/styles/tokens/typography/roles.css","@layer andm.tokens / .andm-series--technical","--andm-type-label-weight","600",""
"src/styles/tokens/typography/roles.css","@layer andm.tokens / .andm-series--technical","--andm-type-label-tracking","0rem",""
"src/styles/tokens/typography/roles.css","@layer andm.tokens / .andm-series--technical","--andm-type-title-size","1.25rem",""
"src/styles/tokens/typography/roles.css","@layer andm.tokens / .andm-series--technical","--andm-type-title-line-height","1.4",""
"src/styles/tokens/typography/roles.css","@layer andm.tokens / .andm-series--technical","--andm-type-title-weight","600",""
"src/styles/tokens/typography/roles.css","@layer andm.tokens / .andm-series--technical","--andm-type-title-tracking","0rem",""
"src/styles/tokens/typography/roles.css","@layer andm.tokens / .andm-series--editorial","--andm-type-display-size","3.5rem",""
"src/styles/tokens/typography/roles.css","@layer andm.tokens / .andm-series--editorial","--andm-type-display-line-height","1.14286",""
"src/styles/tokens/typography/roles.css","@layer andm.tokens / .andm-series--editorial","--andm-type-display-weight","500",""
"src/styles/tokens/typography/roles.css","@layer andm.tokens / .andm-series--editorial","--andm-type-display-tracking","-0.02em",""
"src/styles/tokens/typography/roles.css","@layer andm.tokens / .andm-series--editorial","--andm-type-headline-size","2.25rem",""
"src/styles/tokens/typography/roles.css","@layer andm.tokens / .andm-series--editorial","--andm-type-headline-line-height","1.27778",""
"src/styles/tokens/typography/roles.css","@layer andm.tokens / .andm-series--editorial","--andm-type-headline-weight","500",""
"src/styles/tokens/typography/roles.css","@layer andm.tokens / .andm-series--editorial","--andm-type-headline-tracking","0rem",""
"src/styles/tokens/typography/roles.css","@layer andm.tokens / .andm-series--editorial","--andm-type-body-size","1.125rem",""
"src/styles/tokens/typography/roles.css","@layer andm.tokens / .andm-series--editorial","--andm-type-body-line-height","1.77778",""
"src/styles/tokens/typography/roles.css","@layer andm.tokens / .andm-series--editorial","--andm-type-body-weight","400",""
"src/styles/tokens/typography/roles.css","@layer andm.tokens / .andm-series--editorial","--andm-type-body-tracking","0rem",""
"src/styles/tokens/typography/roles.css","@layer andm.tokens / .andm-series--editorial","--andm-type-title-size","1.5rem",""
"src/styles/tokens/typography/roles.css","@layer andm.tokens / .andm-series--editorial","--andm-type-title-line-height","1.41667",""
"src/styles/tokens/typography/roles.css","@layer andm.tokens / .andm-series--editorial","--andm-type-title-weight","500",""
"src/styles/tokens/typography/roles.css","@layer andm.tokens / .andm-series--editorial","--andm-type-title-tracking","0rem",""
"src/styles/tokens/typography/roles.css","@layer andm.tokens / .andm-series--playful","--andm-type-display-size","3.25rem",""
"src/styles/tokens/typography/roles.css","@layer andm.tokens / .andm-series--playful","--andm-type-display-line-height","1.15385",""
"src/styles/tokens/typography/roles.css","@layer andm.tokens / .andm-series--playful","--andm-type-display-weight","700",""
"src/styles/tokens/typography/roles.css","@layer andm.tokens / .andm-series--playful","--andm-type-display-tracking","-0.02em",""
"src/styles/tokens/typography/roles.css","@layer andm.tokens / .andm-series--playful","--andm-type-headline-size","2.125rem",""
"src/styles/tokens/typography/roles.css","@layer andm.tokens / .andm-series--playful","--andm-type-headline-line-height","1.23529",""
"src/styles/tokens/typography/roles.css","@layer andm.tokens / .andm-series--playful","--andm-type-headline-weight","700",""
"src/styles/tokens/typography/roles.css","@layer andm.tokens / .andm-series--playful","--andm-type-headline-tracking","0rem",""
"src/styles/tokens/typography/roles.css","@layer andm.tokens / .andm-series--playful","--andm-type-title-size","1.375rem",""
"src/styles/tokens/typography/roles.css","@layer andm.tokens / .andm-series--playful","--andm-type-title-line-height","1.36364",""
"src/styles/tokens/typography/roles.css","@layer andm.tokens / .andm-series--playful","--andm-type-title-weight","700",""
"src/styles/tokens/typography/roles.css","@layer andm.tokens / .andm-series--playful","--andm-type-title-tracking","0rem",""
"src/styles/tokens/typography/roles.css","@layer andm.tokens / .andm-series--expressive","--andm-type-display-size","3.5625rem",""
"src/styles/tokens/typography/roles.css","@layer andm.tokens / .andm-series--expressive","--andm-type-display-line-height","1.12281",""
"src/styles/tokens/typography/roles.css","@layer andm.tokens / .andm-series--expressive","--andm-type-display-weight","400",""
"src/styles/tokens/typography/roles.css","@layer andm.tokens / .andm-series--expressive","--andm-type-display-tracking","-0.015625rem",""
"src/styles/tokens/typography/roles.css","@layer andm.tokens / .andm-series--expressive","--andm-type-headline-size","2rem",""
"src/styles/tokens/typography/roles.css","@layer andm.tokens / .andm-series--expressive","--andm-type-headline-line-height","1.25",""
"src/styles/tokens/typography/roles.css","@layer andm.tokens / .andm-series--expressive","--andm-type-headline-weight","400",""
"src/styles/tokens/typography/roles.css","@layer andm.tokens / .andm-series--expressive","--andm-type-headline-tracking","0rem",""
"src/styles/tokens/typography/roles.css","@layer andm.tokens / .andm-series--expressive","--andm-type-title-size","1.375rem",""
"src/styles/tokens/typography/roles.css","@layer andm.tokens / .andm-series--expressive","--andm-type-title-line-height","1.27273",""
"src/styles/tokens/typography/roles.css","@layer andm.tokens / .andm-series--expressive","--andm-type-title-weight","400",""
"src/styles/tokens/typography/roles.css","@layer andm.tokens / .andm-series--expressive","--andm-type-title-tracking","0rem",""
"src/styles/tokens/typography/roles.css","@layer andm.tokens / .andm-series--expressive","--andm-type-body-size","1rem",""
"src/styles/tokens/typography/roles.css","@layer andm.tokens / .andm-series--expressive","--andm-type-body-line-height","1.5",""
"src/styles/tokens/typography/roles.css","@layer andm.tokens / .andm-series--expressive","--andm-type-body-weight","400",""
"src/styles/tokens/typography/roles.css","@layer andm.tokens / .andm-series--expressive","--andm-type-body-tracking","0.03125rem",""
"src/styles/tokens/typography/roles.css","@layer andm.tokens / .andm-series--expressive","--andm-type-body-small-size","0.875rem",""
"src/styles/tokens/typography/roles.css","@layer andm.tokens / .andm-series--expressive","--andm-type-body-small-line-height","1.42857",""
"src/styles/tokens/typography/roles.css","@layer andm.tokens / .andm-series--expressive","--andm-type-body-small-weight","400",""
"src/styles/tokens/typography/roles.css","@layer andm.tokens / .andm-series--expressive","--andm-type-body-small-tracking","0.015625rem",""
"src/styles/tokens/typography/roles.css","@layer andm.tokens / .andm-series--expressive","--andm-type-label-size","0.875rem",""
"src/styles/tokens/typography/roles.css","@layer andm.tokens / .andm-series--expressive","--andm-type-label-line-height","1.42857",""
"src/styles/tokens/typography/roles.css","@layer andm.tokens / .andm-series--expressive","--andm-type-label-weight","500",""
"src/styles/tokens/typography/roles.css","@layer andm.tokens / .andm-series--expressive","--andm-type-label-tracking","0.00625rem",""
"src/styles/tokens/typography/roles.css","@layer andm.tokens / .andm-series--expressive","--andm-type-caption-size","0.75rem",""
"src/styles/tokens/typography/roles.css","@layer andm.tokens / .andm-series--expressive","--andm-type-caption-line-height","1.33333",""
"src/styles/tokens/typography/roles.css","@layer andm.tokens / .andm-series--expressive","--andm-type-caption-weight","400",""
"src/styles/tokens/typography/roles.css","@layer andm.tokens / .andm-series--expressive","--andm-type-caption-tracking","0.025rem",""
"src/styles/tokens/typography/roles.css","@layer andm.tokens / .andm-series--expressive","--andm-type-heading-font","Roboto, ""Noto Sans JP"", system-ui, sans-serif",""
"src/styles/tokens/typography/roles.css","@layer andm.tokens / .andm-series--expressive","--andm-type-body-font","Roboto, ""Noto Sans JP"", system-ui, sans-serif",""
"src/styles/tokens/typography/roles.css","@layer andm.tokens / .andm-series--dads","--andm-type-display-size","3rem",""
"src/styles/tokens/typography/roles.css","@layer andm.tokens / .andm-series--dads","--andm-type-display-line-height","1.4",""
"src/styles/tokens/typography/roles.css","@layer andm.tokens / .andm-series--dads","--andm-type-display-weight","700",""
"src/styles/tokens/typography/roles.css","@layer andm.tokens / .andm-series--dads","--andm-type-display-tracking","0rem",""
"src/styles/tokens/typography/roles.css","@layer andm.tokens / .andm-series--dads","--andm-type-headline-size","2rem",""
"src/styles/tokens/typography/roles.css","@layer andm.tokens / .andm-series--dads","--andm-type-headline-line-height","1.5",""
"src/styles/tokens/typography/roles.css","@layer andm.tokens / .andm-series--dads","--andm-type-headline-weight","700",""
"src/styles/tokens/typography/roles.css","@layer andm.tokens / .andm-series--dads","--andm-type-headline-tracking",".01em",""
"src/styles/tokens/typography/roles.css","@layer andm.tokens / .andm-series--dads","--andm-type-title-size","1.5rem",""
"src/styles/tokens/typography/roles.css","@layer andm.tokens / .andm-series--dads","--andm-type-title-line-height","1.5",""
"src/styles/tokens/typography/roles.css","@layer andm.tokens / .andm-series--dads","--andm-type-title-weight","700",""
"src/styles/tokens/typography/roles.css","@layer andm.tokens / .andm-series--dads","--andm-type-title-tracking",".02em",""
"src/styles/tokens/typography/roles.css","@layer andm.tokens / .andm-series--dads","--andm-type-body-size","1rem",""
"src/styles/tokens/typography/roles.css","@layer andm.tokens / .andm-series--dads","--andm-type-body-line-height","1.75",""
"src/styles/tokens/typography/roles.css","@layer andm.tokens / .andm-series--dads","--andm-type-body-weight","400",""
"src/styles/tokens/typography/roles.css","@layer andm.tokens / .andm-series--dads","--andm-type-body-tracking",".02em",""
"src/styles/tokens/typography/roles.css","@layer andm.tokens / .andm-series--dads","--andm-type-body-small-size","1rem",""
"src/styles/tokens/typography/roles.css","@layer andm.tokens / .andm-series--dads","--andm-type-body-small-line-height","1.7",""
"src/styles/tokens/typography/roles.css","@layer andm.tokens / .andm-series--dads","--andm-type-body-small-weight","400",""
"src/styles/tokens/typography/roles.css","@layer andm.tokens / .andm-series--dads","--andm-type-body-small-tracking",".02em",""
"src/styles/tokens/typography/roles.css","@layer andm.tokens / .andm-series--dads","--andm-type-label-size","1rem",""
"src/styles/tokens/typography/roles.css","@layer andm.tokens / .andm-series--dads","--andm-type-label-line-height","1.3",""
"src/styles/tokens/typography/roles.css","@layer andm.tokens / .andm-series--dads","--andm-type-label-weight","700",""
"src/styles/tokens/typography/roles.css","@layer andm.tokens / .andm-series--dads","--andm-type-label-tracking","0rem",""
"src/styles/tokens/typography/roles.css","@layer andm.tokens / .andm-series--dads","--andm-type-caption-size","0.875rem",""
"src/styles/tokens/typography/roles.css","@layer andm.tokens / .andm-series--dads","--andm-type-caption-line-height","1.3",""
"src/styles/tokens/typography/roles.css","@layer andm.tokens / .andm-series--dads","--andm-type-caption-weight","400",""
"src/styles/tokens/typography/roles.css","@layer andm.tokens / .andm-series--dads","--andm-type-caption-tracking","0rem",""
"src/styles/tokens/typography/roles.css","@layer andm.tokens / .andm-series--dads","--andm-type-code-size","1rem",""
"src/styles/tokens/typography/roles.css","@layer andm.tokens / .andm-series--dads","--andm-type-code-line-height","1.5",""
"src/styles/tokens/typography/roles.css","@layer andm.tokens / .andm-series--dads","--andm-type-code-weight","400",""
"src/styles/tokens/typography/roles.css","@layer andm.tokens / .andm-series--dads","--andm-type-code-tracking","0rem",""
"src/styles/tokens/typography/roles.css","@layer andm.tokens / .andm-series--dads","--andm-type-code-font","""Noto Sans Mono"", ""Noto Sans Mono CJK JP"", ui-monospace, monospace",""
"src/styles/tokens/typography/roles.css","@layer andm.tokens / .andm-series--fluent","--andm-type-display-size","4.25rem",""
"src/styles/tokens/typography/roles.css","@layer andm.tokens / .andm-series--fluent","--andm-type-display-line-height","1.35294",""
"src/styles/tokens/typography/roles.css","@layer andm.tokens / .andm-series--fluent","--andm-type-display-weight","600",""
"src/styles/tokens/typography/roles.css","@layer andm.tokens / .andm-series--fluent","--andm-type-display-tracking","0rem",""
"src/styles/tokens/typography/roles.css","@layer andm.tokens / .andm-series--fluent","--andm-type-headline-size","2rem",""
"src/styles/tokens/typography/roles.css","@layer andm.tokens / .andm-series--fluent","--andm-type-headline-line-height","1.25",""
"src/styles/tokens/typography/roles.css","@layer andm.tokens / .andm-series--fluent","--andm-type-headline-weight","600",""
"src/styles/tokens/typography/roles.css","@layer andm.tokens / .andm-series--fluent","--andm-type-headline-tracking","0rem",""
"src/styles/tokens/typography/roles.css","@layer andm.tokens / .andm-series--fluent","--andm-type-title-size","1.25rem",""
"src/styles/tokens/typography/roles.css","@layer andm.tokens / .andm-series--fluent","--andm-type-title-line-height","1.3",""
"src/styles/tokens/typography/roles.css","@layer andm.tokens / .andm-series--fluent","--andm-type-title-weight","600",""
"src/styles/tokens/typography/roles.css","@layer andm.tokens / .andm-series--fluent","--andm-type-title-tracking","0rem",""
"src/styles/tokens/typography/roles.css","@layer andm.tokens / .andm-series--fluent","--andm-type-body-size","0.875rem",""
"src/styles/tokens/typography/roles.css","@layer andm.tokens / .andm-series--fluent","--andm-type-body-line-height","1.42857",""
"src/styles/tokens/typography/roles.css","@layer andm.tokens / .andm-series--fluent","--andm-type-body-weight","400",""
"src/styles/tokens/typography/roles.css","@layer andm.tokens / .andm-series--fluent","--andm-type-body-tracking","0rem",""
"src/styles/tokens/typography/roles.css","@layer andm.tokens / .andm-series--fluent","--andm-type-body-small-size","0.875rem",""
"src/styles/tokens/typography/roles.css","@layer andm.tokens / .andm-series--fluent","--andm-type-body-small-line-height","1.42857",""
"src/styles/tokens/typography/roles.css","@layer andm.tokens / .andm-series--fluent","--andm-type-body-small-weight","400",""
"src/styles/tokens/typography/roles.css","@layer andm.tokens / .andm-series--fluent","--andm-type-body-small-tracking","0rem",""
"src/styles/tokens/typography/roles.css","@layer andm.tokens / .andm-series--fluent","--andm-type-label-size","0.875rem",""
"src/styles/tokens/typography/roles.css","@layer andm.tokens / .andm-series--fluent","--andm-type-label-line-height","1.42857",""
"src/styles/tokens/typography/roles.css","@layer andm.tokens / .andm-series--fluent","--andm-type-label-weight","600",""
"src/styles/tokens/typography/roles.css","@layer andm.tokens / .andm-series--fluent","--andm-type-label-tracking","0rem",""
"src/styles/tokens/typography/roles.css","@layer andm.tokens / .andm-series--fluent","--andm-type-caption-size","0.75rem",""
"src/styles/tokens/typography/roles.css","@layer andm.tokens / .andm-series--fluent","--andm-type-caption-line-height","1.33333",""
"src/styles/tokens/typography/roles.css","@layer andm.tokens / .andm-series--fluent","--andm-type-caption-weight","400",""
"src/styles/tokens/typography/roles.css","@layer andm.tokens / .andm-series--fluent","--andm-type-caption-tracking","0rem",""
"src/styles/tokens/typography/roles.css","@layer andm.tokens / .andm-series--atlassian","--andm-type-display-size","2rem",""
"src/styles/tokens/typography/roles.css","@layer andm.tokens / .andm-series--atlassian","--andm-type-display-line-height","1.125",""
"src/styles/tokens/typography/roles.css","@layer andm.tokens / .andm-series--atlassian","--andm-type-display-weight","700",""
"src/styles/tokens/typography/roles.css","@layer andm.tokens / .andm-series--atlassian","--andm-type-display-tracking","0rem",""
"src/styles/tokens/typography/roles.css","@layer andm.tokens / .andm-series--atlassian","--andm-type-headline-size","1.75rem",""
"src/styles/tokens/typography/roles.css","@layer andm.tokens / .andm-series--atlassian","--andm-type-headline-line-height","1.14286",""
"src/styles/tokens/typography/roles.css","@layer andm.tokens / .andm-series--atlassian","--andm-type-headline-weight","700",""
"src/styles/tokens/typography/roles.css","@layer andm.tokens / .andm-series--atlassian","--andm-type-headline-tracking","0rem",""
"src/styles/tokens/typography/roles.css","@layer andm.tokens / .andm-series--atlassian","--andm-type-title-size","1.25rem",""
"src/styles/tokens/typography/roles.css","@layer andm.tokens / .andm-series--atlassian","--andm-type-title-line-height","1.2",""
"src/styles/tokens/typography/roles.css","@layer andm.tokens / .andm-series--atlassian","--andm-type-title-weight","700",""
"src/styles/tokens/typography/roles.css","@layer andm.tokens / .andm-series--atlassian","--andm-type-title-tracking","0rem",""
"src/styles/tokens/typography/roles.css","@layer andm.tokens / .andm-series--atlassian","--andm-type-body-size","0.875rem",""
"src/styles/tokens/typography/roles.css","@layer andm.tokens / .andm-series--atlassian","--andm-type-body-line-height","1.42857",""
"src/styles/tokens/typography/roles.css","@layer andm.tokens / .andm-series--atlassian","--andm-type-body-weight","400",""
"src/styles/tokens/typography/roles.css","@layer andm.tokens / .andm-series--atlassian","--andm-type-body-tracking","0rem",""
"src/styles/tokens/typography/roles.css","@layer andm.tokens / .andm-series--atlassian","--andm-type-body-small-size","0.75rem",""
"src/styles/tokens/typography/roles.css","@layer andm.tokens / .andm-series--atlassian","--andm-type-body-small-line-height","1.33333",""
"src/styles/tokens/typography/roles.css","@layer andm.tokens / .andm-series--atlassian","--andm-type-body-small-weight","400",""
"src/styles/tokens/typography/roles.css","@layer andm.tokens / .andm-series--atlassian","--andm-type-body-small-tracking","0rem",""
"src/styles/tokens/typography/roles.css","@layer andm.tokens / .andm-series--atlassian","--andm-type-label-size","0.875rem",""
"src/styles/tokens/typography/roles.css","@layer andm.tokens / .andm-series--atlassian","--andm-type-label-line-height","1.42857",""
"src/styles/tokens/typography/roles.css","@layer andm.tokens / .andm-series--atlassian","--andm-type-label-weight","500",""
"src/styles/tokens/typography/roles.css","@layer andm.tokens / .andm-series--atlassian","--andm-type-label-tracking","0rem",""
"src/styles/tokens/typography/roles.css","@layer andm.tokens / .andm-series--atlassian","--andm-type-caption-size","0.75rem",""
"src/styles/tokens/typography/roles.css","@layer andm.tokens / .andm-series--atlassian","--andm-type-caption-line-height","1.33333",""
"src/styles/tokens/typography/roles.css","@layer andm.tokens / .andm-series--atlassian","--andm-type-caption-weight","400",""
"src/styles/tokens/typography/roles.css","@layer andm.tokens / .andm-series--atlassian","--andm-type-caption-tracking","0rem",""
"src/styles/tokens/typography/roles.css","@layer andm.tokens / .andm-series--atlassian","--andm-type-code-size","0.75rem",""
"src/styles/tokens/typography/roles.css","@layer andm.tokens / .andm-series--atlassian","--andm-type-code-line-height","1.66667",""
"src/styles/tokens/typography/roles.css","@layer andm.tokens / .andm-series--atlassian","--andm-type-code-weight","400",""
"src/styles/tokens/typography/roles.css","@layer andm.tokens / .andm-series--atlassian","--andm-type-code-tracking","0rem",""
"src/styles/tokens/typography/roles.css","@layer andm.tokens / .andm-series--atlassian","--andm-type-code-font","""Atlassian Mono"", ui-monospace, monospace",""
"src/styles/tokens/typography/roles.css","@layer andm.tokens / .andm-series--carbon","--andm-type-display-size","3.375rem",""
"src/styles/tokens/typography/roles.css","@layer andm.tokens / .andm-series--carbon","--andm-type-display-line-height","1.18519",""
"src/styles/tokens/typography/roles.css","@layer andm.tokens / .andm-series--carbon","--andm-type-display-weight","300",""
"src/styles/tokens/typography/roles.css","@layer andm.tokens / .andm-series--carbon","--andm-type-display-tracking","0rem",""
"src/styles/tokens/typography/roles.css","@layer andm.tokens / .andm-series--carbon","--andm-type-headline-size","2rem",""
"src/styles/tokens/typography/roles.css","@layer andm.tokens / .andm-series--carbon","--andm-type-headline-line-height","1.25",""
"src/styles/tokens/typography/roles.css","@layer andm.tokens / .andm-series--carbon","--andm-type-headline-weight","400",""
"src/styles/tokens/typography/roles.css","@layer andm.tokens / .andm-series--carbon","--andm-type-headline-tracking","0rem",""
"src/styles/tokens/typography/roles.css","@layer andm.tokens / .andm-series--carbon","--andm-type-title-size","1.25rem",""
"src/styles/tokens/typography/roles.css","@layer andm.tokens / .andm-series--carbon","--andm-type-title-line-height","1.4",""
"src/styles/tokens/typography/roles.css","@layer andm.tokens / .andm-series--carbon","--andm-type-title-weight","400",""
"src/styles/tokens/typography/roles.css","@layer andm.tokens / .andm-series--carbon","--andm-type-title-tracking","0rem",""
"src/styles/tokens/typography/roles.css","@layer andm.tokens / .andm-series--carbon","--andm-type-body-size","0.875rem",""
"src/styles/tokens/typography/roles.css","@layer andm.tokens / .andm-series--carbon","--andm-type-body-line-height","1.42857",""
"src/styles/tokens/typography/roles.css","@layer andm.tokens / .andm-series--carbon","--andm-type-body-weight","400",""
"src/styles/tokens/typography/roles.css","@layer andm.tokens / .andm-series--carbon","--andm-type-body-tracking","0.01rem",""
"src/styles/tokens/typography/roles.css","@layer andm.tokens / .andm-series--carbon","--andm-type-body-small-size","0.875rem",""
"src/styles/tokens/typography/roles.css","@layer andm.tokens / .andm-series--carbon","--andm-type-body-small-line-height","1.42857",""
"src/styles/tokens/typography/roles.css","@layer andm.tokens / .andm-series--carbon","--andm-type-body-small-weight","400",""
"src/styles/tokens/typography/roles.css","@layer andm.tokens / .andm-series--carbon","--andm-type-body-small-tracking","0.01rem",""
"src/styles/tokens/typography/roles.css","@layer andm.tokens / .andm-series--carbon","--andm-type-label-size","0.75rem",""
"src/styles/tokens/typography/roles.css","@layer andm.tokens / .andm-series--carbon","--andm-type-label-line-height","1.33333",""
"src/styles/tokens/typography/roles.css","@layer andm.tokens / .andm-series--carbon","--andm-type-label-weight","400",""
"src/styles/tokens/typography/roles.css","@layer andm.tokens / .andm-series--carbon","--andm-type-label-tracking","0.02rem",""
"src/styles/tokens/typography/roles.css","@layer andm.tokens / .andm-series--carbon","--andm-type-caption-size","0.75rem",""
"src/styles/tokens/typography/roles.css","@layer andm.tokens / .andm-series--carbon","--andm-type-caption-line-height","1.33333",""
"src/styles/tokens/typography/roles.css","@layer andm.tokens / .andm-series--carbon","--andm-type-caption-weight","400",""
"src/styles/tokens/typography/roles.css","@layer andm.tokens / .andm-series--carbon","--andm-type-caption-tracking","0.02rem",""
"src/styles/tokens/typography/roles.css","@layer andm.tokens / .andm-series--carbon","--andm-type-code-size","0.75rem",""
"src/styles/tokens/typography/roles.css","@layer andm.tokens / .andm-series--carbon","--andm-type-code-line-height","1.33333",""
"src/styles/tokens/typography/roles.css","@layer andm.tokens / .andm-series--carbon","--andm-type-code-weight","400",""
"src/styles/tokens/typography/roles.css","@layer andm.tokens / .andm-series--carbon","--andm-type-code-tracking","0.02rem",""
"src/styles/tokens/typography/roles.css","@layer andm.tokens / .andm-series--carbon","--andm-type-code-font","""IBM Plex Mono"", ui-monospace, monospace",""
"src/styles/tokens/typography/roles.css","@layer andm.tokens / .andm-series--uswds","--andm-type-display-size","3rem",""
"src/styles/tokens/typography/roles.css","@layer andm.tokens / .andm-series--uswds","--andm-type-display-line-height","1.15",""
"src/styles/tokens/typography/roles.css","@layer andm.tokens / .andm-series--uswds","--andm-type-display-weight","700",""
"src/styles/tokens/typography/roles.css","@layer andm.tokens / .andm-series--uswds","--andm-type-display-tracking","0rem",""
"src/styles/tokens/typography/roles.css","@layer andm.tokens / .andm-series--uswds","--andm-type-headline-size","2rem",""
"src/styles/tokens/typography/roles.css","@layer andm.tokens / .andm-series--uswds","--andm-type-headline-line-height","1.15",""
"src/styles/tokens/typography/roles.css","@layer andm.tokens / .andm-series--uswds","--andm-type-headline-weight","700",""
"src/styles/tokens/typography/roles.css","@layer andm.tokens / .andm-series--uswds","--andm-type-headline-tracking","0rem",""
"src/styles/tokens/typography/roles.css","@layer andm.tokens / .andm-series--uswds","--andm-type-title-size","1.375rem",""
"src/styles/tokens/typography/roles.css","@layer andm.tokens / .andm-series--uswds","--andm-type-title-line-height","1.15",""
"src/styles/tokens/typography/roles.css","@layer andm.tokens / .andm-series--uswds","--andm-type-title-weight","700",""
"src/styles/tokens/typography/roles.css","@layer andm.tokens / .andm-series--uswds","--andm-type-title-tracking","0rem",""
"src/styles/tokens/typography/roles.css","@layer andm.tokens / .andm-series--uswds","--andm-type-body-size","1rem",""
"src/styles/tokens/typography/roles.css","@layer andm.tokens / .andm-series--uswds","--andm-type-body-line-height","1.62",""
"src/styles/tokens/typography/roles.css","@layer andm.tokens / .andm-series--uswds","--andm-type-body-weight","400",""
"src/styles/tokens/typography/roles.css","@layer andm.tokens / .andm-series--uswds","--andm-type-body-tracking","0rem",""
"src/styles/tokens/typography/roles.css","@layer andm.tokens / .andm-series--uswds","--andm-type-body-small-size","0.875rem",""
"src/styles/tokens/typography/roles.css","@layer andm.tokens / .andm-series--uswds","--andm-type-body-small-line-height","1.35",""
"src/styles/tokens/typography/roles.css","@layer andm.tokens / .andm-series--uswds","--andm-type-body-small-weight","400",""
"src/styles/tokens/typography/roles.css","@layer andm.tokens / .andm-series--uswds","--andm-type-body-small-tracking","0rem",""
"src/styles/tokens/typography/roles.css","@layer andm.tokens / .andm-series--uswds","--andm-type-label-size","1rem",""
"src/styles/tokens/typography/roles.css","@layer andm.tokens / .andm-series--uswds","--andm-type-label-line-height","1.35",""
"src/styles/tokens/typography/roles.css","@layer andm.tokens / .andm-series--uswds","--andm-type-label-weight","700",""
"src/styles/tokens/typography/roles.css","@layer andm.tokens / .andm-series--uswds","--andm-type-label-tracking","0rem",""
"src/styles/tokens/typography/roles.css","@layer andm.tokens / .andm-series--uswds","--andm-type-caption-size","0.875rem",""
"src/styles/tokens/typography/roles.css","@layer andm.tokens / .andm-series--uswds","--andm-type-caption-line-height","1.35",""
"src/styles/tokens/typography/roles.css","@layer andm.tokens / .andm-series--uswds","--andm-type-caption-weight","400",""
"src/styles/tokens/typography/roles.css","@layer andm.tokens / .andm-series--uswds","--andm-type-caption-tracking","0rem",""
"src/styles/tokens/typography/semantic.css","@layer andm.tokens / :root","--andm-font-family","""Segoe UI"", ""Hiragino Sans"", ""Noto Sans JP"", sans-serif",""
"src/styles/tokens/typography/semantic.css","@layer andm.tokens / :root","--andm-font-weight-medium","600",""
"src/styles/tokens/typography/semantic.css","@layer andm.tokens / :root","--andm-line-height-tight","1.25",""
"src/styles/utilities.css","@layer andm.utilities / .andm-visually-hidden","position","absolute",""
"src/styles/utilities.css","@layer andm.utilities / .andm-visually-hidden","width","1px",""
"src/styles/utilities.css","@layer andm.utilities / .andm-visually-hidden","height","1px",""
"src/styles/utilities.css","@layer andm.utilities / .andm-visually-hidden","padding","0",""
"src/styles/utilities.css","@layer andm.utilities / .andm-visually-hidden","margin","-1px",""
"src/styles/utilities.css","@layer andm.utilities / .andm-visually-hidden","overflow","hidden",""
"src/styles/utilities.css","@layer andm.utilities / .andm-visually-hidden","clip-path","inset(50%)",""
"src/styles/utilities.css","@layer andm.utilities / .andm-visually-hidden","white-space","nowrap",""
"src/styles/utilities.css","@layer andm.utilities / .andm-visually-hidden","border","0",""
"src/styles/utilities.css","@layer andm.utilities / [hidden]","display","none !important",""
